file,class,type,cbo,cboModified,fanin,fanout,wmc,dit,noc,rfc,lcom,lcom*,tcc,lcc,totalMethodsQty,staticMethodsQty,publicMethodsQty,privateMethodsQty,protectedMethodsQty,defaultMethodsQty,visibleMethodsQty,abstractMethodsQty,finalMethodsQty,synchronizedMethodsQty,totalFieldsQty,staticFieldsQty,publicFieldsQty,privateFieldsQty,protectedFieldsQty,defaultFieldsQty,finalFieldsQty,synchronizedFieldsQty,nosi,loc,returnQty,loopQty,comparisonsQty,tryCatchQty,parenthesizedExpsQty,stringLiteralsQty,numbersQty,assignmentsQty,mathOperationsQty,variablesQty,maxNestedBlocksQty,anonymousClassesQty,innerClassesQty,lambdasQty,uniqueWordsQty,modifiers,logStatementsQty
C:\QtScrcpy-dev\server\src\test\java\com\genymobile\scrcpy\StringUtilsTest.java,com.genymobile.scrcpy.StringUtilsTest,class,3,3,0,3,1,1,0,3,0,0.0,NaN,NaN,1,0,1,0,0,0,1,0,0,0,0,0,0,0,0,0,0,0,8,24,0,0,0,0,0,1,17,10,0,3,0,0,0,0,9,1,0
C:\QtScrcpy-dev\server\src\main\java\com\genymobile\scrcpy\Workarounds.java,com.genymobile.scrcpy.Workarounds,class,5,6,1,5,4,1,0,13,3,0.0,0.0,0.0,3,2,2,1,0,0,2,0,0,0,0,0,0,0,0,0,0,0,3,39,0,0,0,1,0,11,0,15,1,14,1,0,0,0,33,17,0
C:\QtScrcpy-dev\server\src\main\java\com\genymobile\scrcpy\Device.java,com.genymobile.scrcpy.Device,class,27,34,7,27,50,1,0,62,163,0.92115384,0.24,0.5846154,26,14,26,0,0,0,26,0,0,4,20,9,7,13,0,0,16,0,20,217,26,0,12,0,2,9,15,48,7,46,2,2,2,0,158,17,0
C:\QtScrcpy-dev\server\src\main\java\com\genymobile\scrcpy\StringUtils.java,com.genymobile.scrcpy.StringUtils,class,1,4,3,1,7,1,0,0,1,0.0,NaN,NaN,2,1,1,1,0,0,1,0,0,0,0,0,0,0,0,0,0,0,0,15,2,1,2,0,2,0,4,2,0,1,1,0,0,0,11,17,0
C:\QtScrcpy-dev\server\src\main\java\com\genymobile\scrcpy\wrappers\ContentProvider.java,com.genymobile.scrcpy.wrappers.ContentProvider,class,7,10,3,7,27,1,0,17,24,0.82098776,0.33333334,0.33333334,9,2,3,5,0,1,4,0,0,0,18,11,3,15,0,0,15,0,5,140,11,0,3,6,0,30,7,37,2,28,4,0,0,0,76,1,0
C:\QtScrcpy-dev\server\src\main\java\com\genymobile\scrcpy\SettingsException.java,com.genymobile.scrcpy.SettingsException,class,1,4,3,1,3,3,0,1,1,0.0,NaN,NaN,2,1,1,1,0,0,1,0,0,0,0,0,0,0,0,0,0,0,1,8,1,0,1,0,1,5,0,0,2,0,0,0,0,0,13,1,0
C:\QtScrcpy-dev\server\src\main\java\com\genymobile\scrcpy\KeyComposition.java,com.genymobile.scrcpy.KeyComposition,class,1,3,2,1,8,1,0,2,28,0.875,NaN,NaN,8,7,1,7,0,0,1,0,0,0,6,6,0,6,0,0,6,0,1,30,6,0,0,0,0,5,0,6,5,6,0,0,0,0,60,17,0
C:\QtScrcpy-dev\server\src\main\java\com\genymobile\scrcpy\wrappers\ActivityManager.java,com.genymobile.scrcpy.wrappers.ActivityManager,class,6,10,4,6,14,1,0,11,0,0.625,0.33333334,0.33333334,6,0,2,3,0,1,3,0,0,0,4,0,0,4,0,0,1,0,2,66,7,0,4,3,0,7,0,13,0,10,2,0,0,0,38,1,0
C:\QtScrcpy-dev\server\src\main\java\com\genymobile\scrcpy\Point.java,com.genymobile.scrcpy.Point,class,1,8,7,1,11,1,0,2,0,0.16666667,0.93333334,1.0,6,0,6,0,0,0,6,0,0,0,2,0,0,2,0,0,2,0,1,30,7,0,5,0,0,3,0,3,2,3,1,0,0,0,18,1,0
C:\QtScrcpy-dev\server\src\main\java\com\genymobile\scrcpy\wrappers\SurfaceControl.java,com.genymobile.scrcpy.wrappers.SurfaceControl,class,6,9,3,6,27,1,0,6,0,0.8166667,0.46666667,0.46666667,12,11,9,3,0,0,10,0,0,0,5,5,2,3,0,0,3,0,5,114,8,0,2,10,0,14,3,8,0,7,2,0,0,0,62,17,0
C:\QtScrcpy-dev\server\src\test\java\com\genymobile\scrcpy\CodecOptionsTest.java,com.genymobile.scrcpy.CodecOptionsTest,class,2,2,0,2,7,1,0,7,21,0.0,0.0,0.0,7,0,7,0,0,0,7,0,0,0,0,0,0,0,0,0,0,0,7,74,0,0,0,0,0,21,26,18,0,14,0,0,0,0,14,1,0
C:\QtScrcpy-dev\server\src\main\java\com\genymobile\scrcpy\InvalidDisplayIdException.java,com.genymobile.scrcpy.InvalidDisplayIdException,class,1,3,2,1,3,4,0,0,0,0.33333334,0.6666667,1.0,3,0,3,0,0,0,3,0,0,0,2,0,0,2,0,0,2,0,0,15,2,0,0,0,0,1,0,2,1,2,0,0,0,0,14,1,0
C:\QtScrcpy-dev\server\src\main\java\com\genymobile\scrcpy\DesktopConnection.java,com.genymobile.scrcpy.DesktopConnection,class,11,15,4,11,17,1,0,17,12,0.7638889,0.06666667,0.06666667,8,2,6,2,0,0,6,0,0,0,9,2,0,9,0,0,9,0,5,102,4,1,3,3,2,1,12,27,7,17,4,0,0,0,65,17,0
C:\QtScrcpy-dev\server\src\main\java\com\genymobile\scrcpy\Device.java,com.genymobile.scrcpy.Device$Anonymous1,anonymous,2,2,0,2,2,1,0,2,0,0.0,NaN,NaN,1,0,1,0,0,0,1,0,0,0,0,0,0,0,0,0,0,0,0,10,0,0,1,0,0,0,0,1,0,0,2,0,0,0,8,-1,0
C:\QtScrcpy-dev\server\src\main\java\com\genymobile\scrcpy\wrappers\StatusBarManager.java,com.genymobile.scrcpy.wrappers.StatusBarManager,class,3,6,3,3,17,1,0,7,0,0.6666667,1.0,1.0,7,0,4,3,0,0,4,0,0,0,6,0,0,6,0,0,1,0,3,78,3,0,3,5,0,8,1,12,0,9,2,0,0,0,35,1,0
C:\QtScrcpy-dev\server\src\main\java\com\genymobile\scrcpy\ControlMessage.java,com.genymobile.scrcpy.ControlMessage,class,2,7,5,2,25,1,0,0,170,0.9329031,0.09057971,0.3731884,25,9,24,1,0,0,24,0,0,0,31,16,16,15,0,0,16,0,0,145,24,0,0,0,0,0,16,54,0,40,0,0,0,0,88,17,0
C:\QtScrcpy-dev\server\src\main\java\com\genymobile\scrcpy\Device.java,com.genymobile.scrcpy.Device$Anonymous2,anonymous,2,2,0,2,4,1,0,3,0,0.0,NaN,NaN,1,0,1,0,0,0,1,0,0,0,0,0,0,0,0,0,0,0,1,15,1,0,2,0,0,0,0,1,0,1,3,0,0,0,11,-1,0
C:\QtScrcpy-dev\server\src\main\java\com\genymobile\scrcpy\CleanUp.java,com.genymobile.scrcpy.CleanUp,class,7,9,2,7,17,1,0,18,8,0.6,0.0,0.0,5,4,2,3,0,0,2,0,0,0,1,1,1,0,0,0,1,0,16,146,0,0,2,4,0,15,3,12,0,7,3,0,1,0,72,17,0
C:\QtScrcpy-dev\server\src\main\java\com\genymobile\scrcpy\DeviceMessageSender.java,com.genymobile.scrcpy.DeviceMessageSender,class,2,6,4,2,9,1,0,5,0,0.5,0.5,1.0,4,0,4,0,0,0,4,0,0,2,3,0,0,3,0,0,1,0,2,39,0,2,4,0,0,0,0,9,0,7,3,0,0,0,22,17,0
C:\QtScrcpy-dev\server\src\test\java\com\genymobile\scrcpy\ControlMessageReaderTest.java,com.genymobile.scrcpy.ControlMessageReaderTest,class,7,7,0,7,16,1,0,35,120,0.0,0.0,0.0,16,0,16,0,0,0,16,0,0,0,0,0,0,0,0,0,0,0,2,280,0,0,0,0,0,4,48,89,4,85,0,0,0,0,53,1,0
C:\QtScrcpy-dev\server\src\main\java\com\genymobile\scrcpy\DeviceMessage.java,com.genymobile.scrcpy.DeviceMessage,class,1,6,5,1,6,1,0,0,5,0.75,0.2,0.2,6,2,5,1,0,0,5,0,0,0,6,3,3,3,0,0,3,0,0,31,5,0,0,0,0,0,2,9,0,8,0,0,0,0,32,17,0
C:\QtScrcpy-dev\server\src\main\java\com\genymobile\scrcpy\Ln.java,com.genymobile.scrcpy.Ln,class,2,25,23,2,18,1,0,11,23,0.59999996,0.30555555,0.30555555,10,9,9,1,0,0,9,0,0,0,3,3,0,3,0,0,2,0,7,56,1,0,2,0,0,7,0,4,5,3,2,0,1,0,54,17,0
C:\QtScrcpy-dev\server\src\test\java\com\genymobile\scrcpy\DeviceMessageWriterTest.java,com.genymobile.scrcpy.DeviceMessageWriterTest,class,4,4,0,4,2,1,0,10,1,0.0,0.0,0.0,2,0,2,0,0,0,2,0,0,0,0,0,0,0,0,0,0,0,2,31,0,0,0,0,0,1,2,16,0,14,0,0,0,0,27,1,0
C:\QtScrcpy-dev\server\src\main\java\com\genymobile\scrcpy\IO.java,com.genymobile.scrcpy.IO,class,2,5,3,2,8,1,0,4,3,0.0,0.0,0.0,3,2,2,1,0,0,2,0,0,0,0,0,0,0,0,0,0,0,2,24,0,1,1,1,0,2,2,3,1,2,3,0,0,0,21,17,0
C:\QtScrcpy-dev\server\src\main\java\com\genymobile\scrcpy\CleanUp.java,com.genymobile.scrcpy.CleanUp$Config$Anonymous1,anonymous,2,2,0,2,2,1,0,0,1,0.0,0.0,0.0,2,0,2,0,0,0,2,0,0,0,0,0,0,0,0,0,0,0,0,8,2,0,0,0,0,0,0,0,0,0,0,0,0,0,8,-1,0
C:\QtScrcpy-dev\server\src\main\java\com\genymobile\scrcpy\ScreenInfo.java,com.genymobile.scrcpy.ScreenInfo,class,4,9,5,4,30,1,0,12,22,0.625,0.5833333,1.0,12,4,9,3,0,0,9,0,0,0,4,0,0,4,0,0,4,0,6,99,15,0,9,0,4,7,23,24,16,13,2,0,0,0,77,17,0
C:\QtScrcpy-dev\server\src\main\java\com\genymobile\scrcpy\wrappers\DisplayManager.java,com.genymobile.scrcpy.wrappers.DisplayManager,class,4,6,2,4,6,1,0,6,0,0.0,1.0,1.0,3,0,3,0,0,0,3,0,0,0,1,0,0,1,0,0,1,0,0,32,3,0,1,2,0,7,0,8,0,8,2,0,0,0,24,17,0
C:\QtScrcpy-dev\server\src\main\java\com\genymobile\scrcpy\ScreenEncoder.java,com.genymobile.scrcpy.ScreenEncoder,class,21,23,2,21,53,1,0,80,120,0.8970588,0.16666667,0.16666667,17,10,4,13,0,0,4,0,0,0,16,6,0,16,0,0,14,0,29,233,9,5,10,5,5,15,25,47,8,42,4,0,0,0,129,1,0
C:\QtScrcpy-dev\server\src\main\java\com\genymobile\scrcpy\Options.java,com.genymobile.scrcpy.Options,class,3,5,2,3,42,1,0,0,819,0.952381,0.024390243,0.024390243,42,0,42,0,0,0,42,0,0,0,21,0,0,21,0,0,0,0,0,149,21,0,0,0,0,0,2,32,0,21,0,0,0,0,62,1,0
C:\QtScrcpy-dev\server\src\main\java\com\genymobile\scrcpy\Device.java,com.genymobile.scrcpy.Device$RotationListener,interface,0,0,0,0,1,1,0,0,0,0.0,NaN,NaN,1,0,0,0,0,1,1,0,0,0,0,0,0,0,0,0,0,0,0,3,0,0,0,0,0,0,0,0,0,0,0,0,0,0,5,1,0
C:\QtScrcpy-dev\server\src\main\java\com\genymobile\scrcpy\Position.java,com.genymobile.scrcpy.Position,class,3,9,6,3,14,1,0,8,0,0.25,0.71428573,0.75,8,0,8,0,0,0,8,0,0,0,2,0,0,2,0,0,0,0,3,45,11,0,3,0,0,3,3,3,6,3,1,0,0,0,22,1,0
C:\QtScrcpy-dev\server\src\main\java\com\genymobile\scrcpy\Pointer.java,com.genymobile.scrcpy.Pointer,class,1,3,2,1,9,1,0,0,26,0.7777778,0.1388889,0.16666667,9,0,9,0,0,0,9,0,0,0,5,0,0,5,0,0,2,0,0,35,5,0,0,0,0,0,0,5,0,5,0,0,0,0,26,1,0
C:\QtScrcpy-dev\server\src\main\java\com\genymobile\scrcpy\PointersState.java,com.genymobile.scrcpy.PointersState,class,5,7,2,5,19,1,0,15,0,0.42857143,1.0,1.0,7,0,3,4,0,0,3,0,0,0,2,1,1,1,0,0,2,0,0,70,11,5,4,0,0,1,13,20,2,16,2,0,0,0,62,1,0
C:\QtScrcpy-dev\server\src\main\java\com\genymobile\scrcpy\Size.java,com.genymobile.scrcpy.Size,class,2,11,9,2,13,1,0,2,0,0.125,0.96428573,1.0,8,0,8,0,0,0,8,0,0,0,2,0,0,2,0,0,2,0,1,36,9,0,5,0,0,3,2,3,2,3,1,0,0,0,20,17,0
C:\QtScrcpy-dev\server\src\main\java\com\genymobile\scrcpy\Command.java,com.genymobile.scrcpy.Command,class,0,1,1,0,6,1,0,7,3,0.0,0.0,0.0,3,2,2,1,0,0,2,0,0,0,0,0,0,0,0,0,0,0,4,24,1,0,2,0,0,4,2,7,2,6,1,0,0,0,20,17,0
C:\QtScrcpy-dev\server\src\main\java\com\genymobile\scrcpy\Ln.java,com.genymobile.scrcpy.Ln$Level,enum,0,0,0,0,0,1,0,0,0,0.0,-1.0,-1.0,0,0,0,0,0,0,0,0,0,0,0,0,0,0,0,0,0,0,0,1,0,0,0,0,0,0,0,0,0,0,0,0,0,0,5,0,0
C:\QtScrcpy-dev\server\src\main\java\com\genymobile\scrcpy\CleanUp.java,com.genymobile.scrcpy.CleanUp$Config,innerclass,5,5,0,5,16,1,0,15,30,0.74074066,0.035714287,0.035714287,9,2,3,1,1,4,8,0,0,0,9,4,1,8,0,0,4,0,1,71,6,0,4,0,3,0,13,20,0,16,1,1,0,0,54,9,0
C:\QtScrcpy-dev\server\src\main\java\com\genymobile\scrcpy\Settings.java,com.genymobile.scrcpy.Settings,class,7,11,4,7,16,1,0,12,3,0.8333333,1.0,1.0,6,2,4,2,0,0,4,0,0,0,4,3,3,1,0,0,4,0,7,66,5,0,0,5,0,9,0,9,0,9,3,0,0,0,41,1,0
C:\QtScrcpy-dev\server\src\main\java\com\genymobile\scrcpy\DisplayInfo.java,com.genymobile.scrcpy.DisplayInfo,class,1,3,2,1,6,1,0,0,5,0.72222227,0.33333334,1.0,6,0,6,0,0,0,6,0,0,0,6,1,1,5,0,0,6,0,0,30,5,0,0,0,0,0,1,6,0,6,0,0,0,0,30,17,0
C:\QtScrcpy-dev\server\src\main\java\com\genymobile\scrcpy\Controller.java,com.genymobile.scrcpy.Controller$Anonymous1,anonymous,2,2,0,2,1,1,0,2,0,0.0,NaN,NaN,1,0,1,0,0,0,1,0,0,0,0,0,0,0,0,0,0,0,2,6,0,0,0,0,0,1,0,0,0,0,0,0,0,0,2,-1,0
C:\QtScrcpy-dev\server\src\main\java\com\genymobile\scrcpy\wrappers\ServiceManager.java,com.genymobile.scrcpy.wrappers.ServiceManager,class,12,16,4,12,21,1,0,6,34,0.9000001,0.0,0.0,9,0,8,1,0,0,8,0,0,0,10,2,2,8,0,0,3,0,3,91,9,0,8,4,0,19,1,18,1,18,2,0,0,0,54,17,0
C:\QtScrcpy-dev\server\src\main\java\com\genymobile\scrcpy\CodecOption.java,com.genymobile.scrcpy.CodecOption,class,1,6,5,1,19,1,0,15,0,0.4,0.33333334,0.5,5,2,4,1,0,0,4,0,0,0,2,0,0,2,0,0,0,0,5,94,5,1,3,0,0,8,9,22,3,14,3,0,0,0,35,1,0
C:\QtScrcpy-dev\server\src\main\java\com\genymobile\scrcpy\wrappers\InputManager.java,com.genymobile.scrcpy.wrappers.InputManager,class,4,7,3,4,9,1,0,7,4,0.8333333,0.33333334,0.33333334,5,2,3,2,0,0,3,0,0,0,6,4,3,3,0,0,4,0,3,44,6,0,2,2,0,4,3,8,0,8,1,0,0,0,55,17,0
C:\QtScrcpy-dev\server\src\main\java\com\genymobile\scrcpy\Device.java,com.genymobile.scrcpy.Device$ClipboardListener,interface,0,0,0,0,1,1,0,0,0,0.0,NaN,NaN,1,0,0,0,0,1,1,0,0,0,0,0,0,0,0,0,0,0,0,3,0,0,0,0,0,0,0,0,0,0,0,0,0,0,6,1,0
C:\QtScrcpy-dev\server\src\main\java\com\genymobile\scrcpy\DeviceMessageWriter.java,com.genymobile.scrcpy.DeviceMessageWriter,class,4,6,2,4,3,1,0,14,0,0.25,NaN,NaN,1,0,1,0,0,0,1,0,0,0,4,2,1,3,0,0,4,0,3,27,0,0,0,0,0,1,6,7,3,7,1,0,0,0,35,1,0
C:\QtScrcpy-dev\server\src\main\java\com\genymobile\scrcpy\Server.java,com.genymobile.scrcpy.Server,class,20,23,3,20,63,1,0,83,45,0.0,NaN,NaN,10,9,1,9,0,0,1,0,0,0,0,0,0,0,0,0,0,0,48,297,6,3,7,6,0,50,17,66,10,60,5,5,0,0,139,17,0
C:\QtScrcpy-dev\server\src\main\java\com\genymobile\scrcpy\InvalidEncoderException.java,com.genymobile.scrcpy.InvalidEncoderException,class,1,3,2,1,3,4,0,0,0,0.33333334,0.6666667,1.0,3,0,3,0,0,0,3,0,0,0,2,0,0,2,0,0,2,0,0,15,2,0,0,0,0,1,0,2,1,2,0,0,0,0,14,1,0
C:\QtScrcpy-dev\server\src\main\java\com\genymobile\scrcpy\wrappers\PowerManager.java,com.genymobile.scrcpy.wrappers.PowerManager,class,4,7,3,4,6,1,0,5,0,0.33333334,1.0,1.0,3,0,2,1,0,0,2,0,0,0,2,0,0,2,0,0,1,0,1,24,3,0,1,1,0,4,0,4,0,4,1,0,0,0,25,17,0
C:\QtScrcpy-dev\server\src\main\java\com\genymobile\scrcpy\Server.java,com.genymobile.scrcpy.Server$Anonymous1,anonymous,2,2,0,2,1,1,0,2,0,0.0,NaN,NaN,1,0,1,0,0,0,1,0,0,0,0,0,0,0,0,0,0,0,0,5,0,0,0,0,0,0,0,0,0,0,0,0,0,0,5,-1,0
C:\QtScrcpy-dev\server\src\main\java\com\genymobile\scrcpy\Server.java,com.genymobile.scrcpy.Server$Anonymous3,anonymous,2,2,0,2,2,1,0,2,0,0.0,NaN,NaN,1,0,1,0,0,0,1,0,0,0,0,0,0,0,0,0,0,0,1,10,0,0,0,1,0,1,0,0,0,0,1,0,0,0,5,-1,0
C:\QtScrcpy-dev\server\src\main\java\com\genymobile\scrcpy\Server.java,com.genymobile.scrcpy.Server$Anonymous2,anonymous,1,1,0,1,1,1,0,1,0,0.0,NaN,NaN,1,0,1,0,0,0,1,0,0,0,0,0,0,0,0,0,0,0,1,5,0,0,0,0,0,0,0,0,0,0,0,0,0,0,6,-1,0
C:\QtScrcpy-dev\server\src\main\java\com\genymobile\scrcpy\Server.java,com.genymobile.scrcpy.Server$Anonymous5,anonymous,2,2,0,2,1,1,0,2,0,0.0,NaN,NaN,1,0,1,0,0,0,1,0,0,0,0,0,0,0,0,0,0,0,2,6,0,0,0,0,0,1,0,0,1,0,0,0,0,0,9,-1,0
C:\QtScrcpy-dev\server\src\main\java\com\genymobile\scrcpy\Server.java,com.genymobile.scrcpy.Server$Anonymous4,anonymous,2,2,0,2,2,1,0,2,0,0.0,NaN,NaN,1,0,1,0,0,0,1,0,0,0,0,0,0,0,0,0,0,0,1,10,0,0,0,1,0,1,0,0,0,0,1,0,0,0,8,-1,0
C:\QtScrcpy-dev\server\src\main\java\com\genymobile\scrcpy\Controller.java,com.genymobile.scrcpy.Controller,class,17,21,4,17,73,1,0,63,0,0.80219775,0.6666667,1.0,14,1,3,11,0,0,3,0,0,0,13,2,0,13,0,0,11,0,18,236,15,4,22,0,5,8,27,50,4,39,3,1,0,0,126,1,0
C:\QtScrcpy-dev\server\src\main\java\com\genymobile\scrcpy\wrappers\ClipboardManager.java,com.genymobile.scrcpy.wrappers.ClipboardManager,class,5,8,3,5,24,1,0,14,0,0.625,1.0,1.0,10,3,4,6,0,0,4,0,0,0,4,0,0,4,0,0,1,0,6,101,12,0,5,3,0,9,2,12,0,9,2,0,0,0,38,1,0
C:\QtScrcpy-dev\server\src\main\java\com\genymobile\scrcpy\ControlMessageReader.java,com.genymobile.scrcpy.ControlMessageReader,class,5,8,3,5,46,1,0,36,0,0.8802083,1.0,1.0,16,3,4,12,0,0,4,0,0,0,12,10,2,3,0,7,12,0,20,178,26,0,7,0,1,3,20,53,7,44,1,0,0,0,102,1,0
C:\QtScrcpy-dev\server\src\main\java\com\genymobile\scrcpy\wrappers\WindowManager.java,com.genymobile.scrcpy.wrappers.WindowManager,class,4,7,3,4,21,1,0,9,0,0.71999997,1.0,1.0,10,0,6,4,0,0,6,0,0,0,5,0,0,5,0,0,1,0,4,92,8,0,4,7,0,11,1,12,0,11,2,0,0,0,37,17,0
