file,class,method,variable,usage
C:\QtScrcpy-dev\server\src\main\java\com\genymobile\scrcpy\Device.java,com.genymobile.scrcpy.Device,expandNotificationPanel/0,SERVICE_MANAGER,1
C:\QtScrcpy-dev\server\src\main\java\com\genymobile\scrcpy\Device.java,com.genymobile.scrcpy.Device,"injectEvent/2[com.genymobile.scrcpy.InputEvent,int]",displayId,1
C:\QtScrcpy-dev\server\src\main\java\com\genymobile\scrcpy\Device.java,com.genymobile.scrcpy.Device,Device/1[com.genymobile.scrcpy.Options],screenInfo,1
C:\QtScrcpy-dev\server\src\main\java\com\genymobile\scrcpy\Device.java,com.genymobile.scrcpy.Device,Device/1[com.genymobile.scrcpy.Options],SERVICE_MANAGER,4
C:\QtScrcpy-dev\server\src\main\java\com\genymobile\scrcpy\Device.java,com.genymobile.scrcpy.Device,Device/1[com.genymobile.scrcpy.Options],supportsInputEvents,2
C:\QtScrcpy-dev\server\src\main\java\com\genymobile\scrcpy\Device.java,com.genymobile.scrcpy.Device,Device/1[com.genymobile.scrcpy.Options],lockVideoOrientation,2
C:\QtScrcpy-dev\server\src\main\java\com\genymobile\scrcpy\Device.java,com.genymobile.scrcpy.Device,Device/1[com.genymobile.scrcpy.Options],deviceSize,2
C:\QtScrcpy-dev\server\src\main\java\com\genymobile\scrcpy\Device.java,com.genymobile.scrcpy.Device,Device/1[com.genymobile.scrcpy.Options],maxSize,2
C:\QtScrcpy-dev\server\src\main\java\com\genymobile\scrcpy\Device.java,com.genymobile.scrcpy.Device,Device/1[com.genymobile.scrcpy.Options],layerStack,1
C:\QtScrcpy-dev\server\src\main\java\com\genymobile\scrcpy\Device.java,com.genymobile.scrcpy.Device,Device/1[com.genymobile.scrcpy.Options],displayId,5
C:\QtScrcpy-dev\server\src\main\java\com\genymobile\scrcpy\Device.java,com.genymobile.scrcpy.Device,Device/1[com.genymobile.scrcpy.Options],crop,2
C:\QtScrcpy-dev\server\src\main\java\com\genymobile\scrcpy\Device.java,com.genymobile.scrcpy.Device,getLayerStack/0,layerStack,1
C:\QtScrcpy-dev\server\src\main\java\com\genymobile\scrcpy\Device.java,com.genymobile.scrcpy.Device,"injectKeyEvent/6[int,int,int,int,int,int]",displayId,2
C:\QtScrcpy-dev\server\src\main\java\com\genymobile\scrcpy\Device.java,com.genymobile.scrcpy.Device,setClipboardText/1[java.lang.String],SERVICE_MANAGER,1
C:\QtScrcpy-dev\server\src\main\java\com\genymobile\scrcpy\Device.java,com.genymobile.scrcpy.Device,setClipboardText/1[java.lang.String],isSettingClipboard,2
C:\QtScrcpy-dev\server\src\main\java\com\genymobile\scrcpy\Device.java,com.genymobile.scrcpy.Device,"injectEvent/3[com.genymobile.scrcpy.InputEvent,int,int]",supportsInputEvents,1
C:\QtScrcpy-dev\server\src\main\java\com\genymobile\scrcpy\Device.java,com.genymobile.scrcpy.Device,"injectEvent/3[com.genymobile.scrcpy.InputEvent,int,int]",SERVICE_MANAGER,1
C:\QtScrcpy-dev\server\src\main\java\com\genymobile\scrcpy\Device.java,com.genymobile.scrcpy.Device,"injectEvent/3[com.genymobile.scrcpy.InputEvent,int,int]",displayId,4
C:\QtScrcpy-dev\server\src\main\java\com\genymobile\scrcpy\Device.java,com.genymobile.scrcpy.Device,setMaxSize/1[int],screenInfo,2
C:\QtScrcpy-dev\server\src\main\java\com\genymobile\scrcpy\Device.java,com.genymobile.scrcpy.Device,setMaxSize/1[int],lockVideoOrientation,1
C:\QtScrcpy-dev\server\src\main\java\com\genymobile\scrcpy\Device.java,com.genymobile.scrcpy.Device,setMaxSize/1[int],deviceSize,1
C:\QtScrcpy-dev\server\src\main\java\com\genymobile\scrcpy\Device.java,com.genymobile.scrcpy.Device,setMaxSize/1[int],maxSize,1
C:\QtScrcpy-dev\server\src\main\java\com\genymobile\scrcpy\Device.java,com.genymobile.scrcpy.Device,setMaxSize/1[int],crop,1
C:\QtScrcpy-dev\server\src\main\java\com\genymobile\scrcpy\Device.java,com.genymobile.scrcpy.Device,"pressReleaseKeycode/2[int,int]",displayId,1
C:\QtScrcpy-dev\server\src\main\java\com\genymobile\scrcpy\Device.java,com.genymobile.scrcpy.Device,getClipboardText/0,SERVICE_MANAGER,1
C:\QtScrcpy-dev\server\src\main\java\com\genymobile\scrcpy\Device.java,com.genymobile.scrcpy.Device,getSettings/0,SETTINGS,1
C:\QtScrcpy-dev\server\src\main\java\com\genymobile\scrcpy\Device.java,com.genymobile.scrcpy.Device,setClipboardListener/1[com.genymobile.scrcpy.Device.ClipboardListener],clipboardListener,3
C:\QtScrcpy-dev\server\src\main\java\com\genymobile\scrcpy\Device.java,com.genymobile.scrcpy.Device,powerOffScreen/1[int],displayId,2
C:\QtScrcpy-dev\server\src\main\java\com\genymobile\scrcpy\Device.java,com.genymobile.scrcpy.Device,"injectKeyEvent/5[int,int,int,int,int]",displayId,1
C:\QtScrcpy-dev\server\src\main\java\com\genymobile\scrcpy\Device.java,com.genymobile.scrcpy.Device,supportsInputEvents/0,supportsInputEvents,2
C:\QtScrcpy-dev\server\src\main\java\com\genymobile\scrcpy\Device.java,com.genymobile.scrcpy.Device,rotateDevice/0,SERVICE_MANAGER,1
C:\QtScrcpy-dev\server\src\main\java\com\genymobile\scrcpy\Device.java,com.genymobile.scrcpy.Device,setRotationListener/1[com.genymobile.scrcpy.Device.RotationListener],rotationListener,3
C:\QtScrcpy-dev\server\src\main\java\com\genymobile\scrcpy\Device.java,com.genymobile.scrcpy.Device,supportsInputEvents/1[int],supportsInputEvents,1
C:\QtScrcpy-dev\server\src\main\java\com\genymobile\scrcpy\Device.java,com.genymobile.scrcpy.Device,supportsInputEvents/1[int],displayId,2
C:\QtScrcpy-dev\server\src\main\java\com\genymobile\scrcpy\Device.java,com.genymobile.scrcpy.Device,getScreenInfo/0,screenInfo,1
C:\QtScrcpy-dev\server\src\main\java\com\genymobile\scrcpy\Device.java,com.genymobile.scrcpy.Device,expandSettingsPanel/0,SERVICE_MANAGER,1
C:\QtScrcpy-dev\server\src\main\java\com\genymobile\scrcpy\Device.java,com.genymobile.scrcpy.Device,"pressReleaseKeycode/3[int,int,int]",displayId,3
C:\QtScrcpy-dev\server\src\main\java\com\genymobile\scrcpy\Device.java,com.genymobile.scrcpy.Device,isScreenOn/0,SERVICE_MANAGER,1
C:\QtScrcpy-dev\server\src\main\java\com\genymobile\scrcpy\Device.java,com.genymobile.scrcpy.Device,collapsePanels/0,SERVICE_MANAGER,1
C:\QtScrcpy-dev\server\src\main\java\com\genymobile\scrcpy\wrappers\ContentProvider.java,com.genymobile.scrcpy.wrappers.ContentProvider,getPutMethod/1[java.lang.String],CALL_METHOD_PUT_SYSTEM,1
C:\QtScrcpy-dev\server\src\main\java\com\genymobile\scrcpy\wrappers\ContentProvider.java,com.genymobile.scrcpy.wrappers.ContentProvider,getPutMethod/1[java.lang.String],TABLE_SECURE,1
C:\QtScrcpy-dev\server\src\main\java\com\genymobile\scrcpy\wrappers\ContentProvider.java,com.genymobile.scrcpy.wrappers.ContentProvider,getPutMethod/1[java.lang.String],CALL_METHOD_PUT_SECURE,1
C:\QtScrcpy-dev\server\src\main\java\com\genymobile\scrcpy\wrappers\ContentProvider.java,com.genymobile.scrcpy.wrappers.ContentProvider,getPutMethod/1[java.lang.String],CALL_METHOD_PUT_GLOBAL,1
C:\QtScrcpy-dev\server\src\main\java\com\genymobile\scrcpy\wrappers\ContentProvider.java,com.genymobile.scrcpy.wrappers.ContentProvider,getPutMethod/1[java.lang.String],TABLE_SYSTEM,1
C:\QtScrcpy-dev\server\src\main\java\com\genymobile\scrcpy\wrappers\ContentProvider.java,com.genymobile.scrcpy.wrappers.ContentProvider,getPutMethod/1[java.lang.String],TABLE_GLOBAL,1
C:\QtScrcpy-dev\server\src\main\java\com\genymobile\scrcpy\wrappers\ContentProvider.java,com.genymobile.scrcpy.wrappers.ContentProvider,"ContentProvider/4[com.genymobile.scrcpy.wrappers.ActivityManager,java.lang.Object,java.lang.String,com.genymobile.scrcpy.wrappers.IBinder]",manager,3
C:\QtScrcpy-dev\server\src\main\java\com\genymobile\scrcpy\wrappers\ContentProvider.java,com.genymobile.scrcpy.wrappers.ContentProvider,"ContentProvider/4[com.genymobile.scrcpy.wrappers.ActivityManager,java.lang.Object,java.lang.String,com.genymobile.scrcpy.wrappers.IBinder]",provider,3
C:\QtScrcpy-dev\server\src\main\java\com\genymobile\scrcpy\wrappers\ContentProvider.java,com.genymobile.scrcpy.wrappers.ContentProvider,"ContentProvider/4[com.genymobile.scrcpy.wrappers.ActivityManager,java.lang.Object,java.lang.String,com.genymobile.scrcpy.wrappers.IBinder]",name,3
C:\QtScrcpy-dev\server\src\main\java\com\genymobile\scrcpy\wrappers\ContentProvider.java,com.genymobile.scrcpy.wrappers.ContentProvider,"ContentProvider/4[com.genymobile.scrcpy.wrappers.ActivityManager,java.lang.Object,java.lang.String,com.genymobile.scrcpy.wrappers.IBinder]",token,3
C:\QtScrcpy-dev\server\src\main\java\com\genymobile\scrcpy\wrappers\ContentProvider.java,com.genymobile.scrcpy.wrappers.ContentProvider,"call/3[java.lang.String,java.lang.String,com.genymobile.scrcpy.wrappers.Bundle]",callMethod,5
C:\QtScrcpy-dev\server\src\main\java\com\genymobile\scrcpy\wrappers\ContentProvider.java,com.genymobile.scrcpy.wrappers.ContentProvider,"call/3[java.lang.String,java.lang.String,com.genymobile.scrcpy.wrappers.Bundle]",callMethodVersion,1
C:\QtScrcpy-dev\server\src\main\java\com\genymobile\scrcpy\wrappers\ContentProvider.java,com.genymobile.scrcpy.wrappers.ContentProvider,"call/3[java.lang.String,java.lang.String,com.genymobile.scrcpy.wrappers.Bundle]",provider,1
C:\QtScrcpy-dev\server\src\main\java\com\genymobile\scrcpy\wrappers\ContentProvider.java,com.genymobile.scrcpy.wrappers.ContentProvider,getAttributionSource/0,attributionSource,3
C:\QtScrcpy-dev\server\src\main\java\com\genymobile\scrcpy\wrappers\ContentProvider.java,com.genymobile.scrcpy.wrappers.ContentProvider,getGetMethod/1[java.lang.String],TABLE_SECURE,1
C:\QtScrcpy-dev\server\src\main\java\com\genymobile\scrcpy\wrappers\ContentProvider.java,com.genymobile.scrcpy.wrappers.ContentProvider,getGetMethod/1[java.lang.String],CALL_METHOD_GET_SYSTEM,1
C:\QtScrcpy-dev\server\src\main\java\com\genymobile\scrcpy\wrappers\ContentProvider.java,com.genymobile.scrcpy.wrappers.ContentProvider,getGetMethod/1[java.lang.String],CALL_METHOD_GET_GLOBAL,1
C:\QtScrcpy-dev\server\src\main\java\com\genymobile\scrcpy\wrappers\ContentProvider.java,com.genymobile.scrcpy.wrappers.ContentProvider,getGetMethod/1[java.lang.String],TABLE_SYSTEM,1
C:\QtScrcpy-dev\server\src\main\java\com\genymobile\scrcpy\wrappers\ContentProvider.java,com.genymobile.scrcpy.wrappers.ContentProvider,getGetMethod/1[java.lang.String],TABLE_GLOBAL,1
C:\QtScrcpy-dev\server\src\main\java\com\genymobile\scrcpy\wrappers\ContentProvider.java,com.genymobile.scrcpy.wrappers.ContentProvider,getGetMethod/1[java.lang.String],CALL_METHOD_GET_SECURE,1
C:\QtScrcpy-dev\server\src\main\java\com\genymobile\scrcpy\wrappers\ContentProvider.java,com.genymobile.scrcpy.wrappers.ContentProvider,"getValue/2[java.lang.String,java.lang.String]",CALL_METHOD_USER_KEY,1
C:\QtScrcpy-dev\server\src\main\java\com\genymobile\scrcpy\wrappers\ContentProvider.java,com.genymobile.scrcpy.wrappers.ContentProvider,getCallMethod/0,callMethod,6
C:\QtScrcpy-dev\server\src\main\java\com\genymobile\scrcpy\wrappers\ContentProvider.java,com.genymobile.scrcpy.wrappers.ContentProvider,getCallMethod/0,callMethodVersion,4
C:\QtScrcpy-dev\server\src\main\java\com\genymobile\scrcpy\wrappers\ContentProvider.java,com.genymobile.scrcpy.wrappers.ContentProvider,getCallMethod/0,provider,4
C:\QtScrcpy-dev\server\src\main\java\com\genymobile\scrcpy\wrappers\ContentProvider.java,com.genymobile.scrcpy.wrappers.ContentProvider,close/0,manager,1
C:\QtScrcpy-dev\server\src\main\java\com\genymobile\scrcpy\wrappers\ContentProvider.java,com.genymobile.scrcpy.wrappers.ContentProvider,close/0,name,1
C:\QtScrcpy-dev\server\src\main\java\com\genymobile\scrcpy\wrappers\ContentProvider.java,com.genymobile.scrcpy.wrappers.ContentProvider,close/0,token,1
C:\QtScrcpy-dev\server\src\main\java\com\genymobile\scrcpy\wrappers\ContentProvider.java,com.genymobile.scrcpy.wrappers.ContentProvider,"putValue/3[java.lang.String,java.lang.String,java.lang.String]",CALL_METHOD_USER_KEY,1
C:\QtScrcpy-dev\server\src\main\java\com\genymobile\scrcpy\wrappers\ContentProvider.java,com.genymobile.scrcpy.wrappers.ContentProvider,"putValue/3[java.lang.String,java.lang.String,java.lang.String]",NAME_VALUE_TABLE_VALUE,1
C:\QtScrcpy-dev\server\src\main\java\com\genymobile\scrcpy\KeyComposition.java,com.genymobile.scrcpy.KeyComposition,grave/1[char],KEY_DEAD_GRAVE,1
C:\QtScrcpy-dev\server\src\main\java\com\genymobile\scrcpy\KeyComposition.java,com.genymobile.scrcpy.KeyComposition,decompose/1[char],COMPOSITION_MAP,1
C:\QtScrcpy-dev\server\src\main\java\com\genymobile\scrcpy\KeyComposition.java,com.genymobile.scrcpy.KeyComposition,circumflex/1[char],KEY_DEAD_CIRCUMFLEX,1
C:\QtScrcpy-dev\server\src\main\java\com\genymobile\scrcpy\KeyComposition.java,com.genymobile.scrcpy.KeyComposition,umlaut/1[char],KEY_DEAD_UMLAUT,1
C:\QtScrcpy-dev\server\src\main\java\com\genymobile\scrcpy\KeyComposition.java,com.genymobile.scrcpy.KeyComposition,acute/1[char],KEY_DEAD_ACUTE,1
C:\QtScrcpy-dev\server\src\main\java\com\genymobile\scrcpy\KeyComposition.java,com.genymobile.scrcpy.KeyComposition,tilde/1[char],KEY_DEAD_TILDE,1
C:\QtScrcpy-dev\server\src\main\java\com\genymobile\scrcpy\wrappers\ActivityManager.java,com.genymobile.scrcpy.wrappers.ActivityManager,getGetContentProviderExternalMethod/0,getContentProviderExternalMethod,4
C:\QtScrcpy-dev\server\src\main\java\com\genymobile\scrcpy\wrappers\ActivityManager.java,com.genymobile.scrcpy.wrappers.ActivityManager,getGetContentProviderExternalMethod/0,manager,2
C:\QtScrcpy-dev\server\src\main\java\com\genymobile\scrcpy\wrappers\ActivityManager.java,com.genymobile.scrcpy.wrappers.ActivityManager,getGetContentProviderExternalMethod/0,getContentProviderExternalMethodNewVersion,1
C:\QtScrcpy-dev\server\src\main\java\com\genymobile\scrcpy\wrappers\ActivityManager.java,com.genymobile.scrcpy.wrappers.ActivityManager,getRemoveContentProviderExternalMethod/0,removeContentProviderExternalMethod,3
C:\QtScrcpy-dev\server\src\main\java\com\genymobile\scrcpy\wrappers\ActivityManager.java,com.genymobile.scrcpy.wrappers.ActivityManager,getRemoveContentProviderExternalMethod/0,manager,1
C:\QtScrcpy-dev\server\src\main\java\com\genymobile\scrcpy\wrappers\ActivityManager.java,com.genymobile.scrcpy.wrappers.ActivityManager,ActivityManager/1[com.genymobile.scrcpy.wrappers.IInterface],manager,3
C:\QtScrcpy-dev\server\src\main\java\com\genymobile\scrcpy\wrappers\ActivityManager.java,com.genymobile.scrcpy.wrappers.ActivityManager,"removeContentProviderExternal/2[java.lang.String,com.genymobile.scrcpy.wrappers.IBinder]",manager,1
C:\QtScrcpy-dev\server\src\main\java\com\genymobile\scrcpy\wrappers\ActivityManager.java,com.genymobile.scrcpy.wrappers.ActivityManager,"getContentProviderExternal/2[java.lang.String,com.genymobile.scrcpy.wrappers.IBinder]",manager,1
C:\QtScrcpy-dev\server\src\main\java\com\genymobile\scrcpy\wrappers\ActivityManager.java,com.genymobile.scrcpy.wrappers.ActivityManager,"getContentProviderExternal/2[java.lang.String,com.genymobile.scrcpy.wrappers.IBinder]",getContentProviderExternalMethodNewVersion,1
C:\QtScrcpy-dev\server\src\main\java\com\genymobile\scrcpy\Point.java,com.genymobile.scrcpy.Point,hashCode/0,x,1
C:\QtScrcpy-dev\server\src\main\java\com\genymobile\scrcpy\Point.java,com.genymobile.scrcpy.Point,hashCode/0,y,1
C:\QtScrcpy-dev\server\src\main\java\com\genymobile\scrcpy\Point.java,com.genymobile.scrcpy.Point,getY/0,y,1
C:\QtScrcpy-dev\server\src\main\java\com\genymobile\scrcpy\Point.java,com.genymobile.scrcpy.Point,getX/0,x,1
C:\QtScrcpy-dev\server\src\main\java\com\genymobile\scrcpy\Point.java,com.genymobile.scrcpy.Point,equals/1[java.lang.Object],x,1
C:\QtScrcpy-dev\server\src\main\java\com\genymobile\scrcpy\Point.java,com.genymobile.scrcpy.Point,equals/1[java.lang.Object],y,1
C:\QtScrcpy-dev\server\src\main\java\com\genymobile\scrcpy\Point.java,com.genymobile.scrcpy.Point,toString/0,x,1
C:\QtScrcpy-dev\server\src\main\java\com\genymobile\scrcpy\Point.java,com.genymobile.scrcpy.Point,toString/0,y,1
C:\QtScrcpy-dev\server\src\main\java\com\genymobile\scrcpy\Point.java,com.genymobile.scrcpy.Point,"Point/2[int,int]",x,3
C:\QtScrcpy-dev\server\src\main\java\com\genymobile\scrcpy\Point.java,com.genymobile.scrcpy.Point,"Point/2[int,int]",y,3
C:\QtScrcpy-dev\server\src\main\java\com\genymobile\scrcpy\wrappers\SurfaceControl.java,com.genymobile.scrcpy.wrappers.SurfaceControl,"setDisplayLayerStack/2[com.genymobile.scrcpy.wrappers.IBinder,int]",CLASS,1
C:\QtScrcpy-dev\server\src\main\java\com\genymobile\scrcpy\wrappers\SurfaceControl.java,com.genymobile.scrcpy.wrappers.SurfaceControl,getGetBuiltInDisplayMethod/0,CLASS,2
C:\QtScrcpy-dev\server\src\main\java\com\genymobile\scrcpy\wrappers\SurfaceControl.java,com.genymobile.scrcpy.wrappers.SurfaceControl,getGetBuiltInDisplayMethod/0,getBuiltInDisplayMethod,4
C:\QtScrcpy-dev\server\src\main\java\com\genymobile\scrcpy\wrappers\SurfaceControl.java,com.genymobile.scrcpy.wrappers.SurfaceControl,destroyDisplay/1[com.genymobile.scrcpy.wrappers.IBinder],CLASS,1
C:\QtScrcpy-dev\server\src\main\java\com\genymobile\scrcpy\wrappers\SurfaceControl.java,com.genymobile.scrcpy.wrappers.SurfaceControl,closeTransaction/0,CLASS,1
C:\QtScrcpy-dev\server\src\main\java\com\genymobile\scrcpy\wrappers\SurfaceControl.java,com.genymobile.scrcpy.wrappers.SurfaceControl,"setDisplaySurface/2[com.genymobile.scrcpy.wrappers.IBinder,com.genymobile.scrcpy.wrappers.Surface]",CLASS,1
C:\QtScrcpy-dev\server\src\main\java\com\genymobile\scrcpy\wrappers\SurfaceControl.java,com.genymobile.scrcpy.wrappers.SurfaceControl,getSetDisplayPowerModeMethod/0,setDisplayPowerModeMethod,3
C:\QtScrcpy-dev\server\src\main\java\com\genymobile\scrcpy\wrappers\SurfaceControl.java,com.genymobile.scrcpy.wrappers.SurfaceControl,getSetDisplayPowerModeMethod/0,CLASS,1
C:\QtScrcpy-dev\server\src\main\java\com\genymobile\scrcpy\wrappers\SurfaceControl.java,com.genymobile.scrcpy.wrappers.SurfaceControl,openTransaction/0,CLASS,1
C:\QtScrcpy-dev\server\src\main\java\com\genymobile\scrcpy\wrappers\SurfaceControl.java,com.genymobile.scrcpy.wrappers.SurfaceControl,"setDisplayProjection/4[com.genymobile.scrcpy.wrappers.IBinder,int,com.genymobile.scrcpy.wrappers.Rect,com.genymobile.scrcpy.wrappers.Rect]",CLASS,1
C:\QtScrcpy-dev\server\src\main\java\com\genymobile\scrcpy\wrappers\SurfaceControl.java,com.genymobile.scrcpy.wrappers.SurfaceControl,"createDisplay/2[java.lang.String,boolean]",CLASS,1
C:\QtScrcpy-dev\server\src\main\java\com\genymobile\scrcpy\InvalidDisplayIdException.java,com.genymobile.scrcpy.InvalidDisplayIdException,"InvalidDisplayIdException/2[int,int[]]",availableDisplayIds,3
C:\QtScrcpy-dev\server\src\main\java\com\genymobile\scrcpy\InvalidDisplayIdException.java,com.genymobile.scrcpy.InvalidDisplayIdException,"InvalidDisplayIdException/2[int,int[]]",displayId,4
C:\QtScrcpy-dev\server\src\main\java\com\genymobile\scrcpy\InvalidDisplayIdException.java,com.genymobile.scrcpy.InvalidDisplayIdException,getAvailableDisplayIds/0,availableDisplayIds,1
C:\QtScrcpy-dev\server\src\main\java\com\genymobile\scrcpy\InvalidDisplayIdException.java,com.genymobile.scrcpy.InvalidDisplayIdException,getDisplayId/0,displayId,1
C:\QtScrcpy-dev\server\src\main\java\com\genymobile\scrcpy\DesktopConnection.java,com.genymobile.scrcpy.DesktopConnection,"open/3[boolean,boolean,boolean]",SOCKET_NAME,3
C:\QtScrcpy-dev\server\src\main\java\com\genymobile\scrcpy\DesktopConnection.java,com.genymobile.scrcpy.DesktopConnection,getVideoFd/0,videoFd,1
C:\QtScrcpy-dev\server\src\main\java\com\genymobile\scrcpy\DesktopConnection.java,com.genymobile.scrcpy.DesktopConnection,"sendDeviceMeta/3[java.lang.String,int,int]",DEVICE_NAME_FIELD_LENGTH,6
C:\QtScrcpy-dev\server\src\main\java\com\genymobile\scrcpy\DesktopConnection.java,com.genymobile.scrcpy.DesktopConnection,"sendDeviceMeta/3[java.lang.String,int,int]",videoFd,1
C:\QtScrcpy-dev\server\src\main\java\com\genymobile\scrcpy\DesktopConnection.java,com.genymobile.scrcpy.DesktopConnection,receiveControlMessage/0,controlInputStream,1
C:\QtScrcpy-dev\server\src\main\java\com\genymobile\scrcpy\DesktopConnection.java,com.genymobile.scrcpy.DesktopConnection,receiveControlMessage/0,reader,3
C:\QtScrcpy-dev\server\src\main\java\com\genymobile\scrcpy\DesktopConnection.java,com.genymobile.scrcpy.DesktopConnection,"DesktopConnection/2[com.genymobile.scrcpy.LocalSocket,com.genymobile.scrcpy.LocalSocket]",controlInputStream,2
C:\QtScrcpy-dev\server\src\main\java\com\genymobile\scrcpy\DesktopConnection.java,com.genymobile.scrcpy.DesktopConnection,"DesktopConnection/2[com.genymobile.scrcpy.LocalSocket,com.genymobile.scrcpy.LocalSocket]",videoSocket,4
C:\QtScrcpy-dev\server\src\main\java\com\genymobile\scrcpy\DesktopConnection.java,com.genymobile.scrcpy.DesktopConnection,"DesktopConnection/2[com.genymobile.scrcpy.LocalSocket,com.genymobile.scrcpy.LocalSocket]",videoFd,1
C:\QtScrcpy-dev\server\src\main\java\com\genymobile\scrcpy\DesktopConnection.java,com.genymobile.scrcpy.DesktopConnection,"DesktopConnection/2[com.genymobile.scrcpy.LocalSocket,com.genymobile.scrcpy.LocalSocket]",controlSocket,6
C:\QtScrcpy-dev\server\src\main\java\com\genymobile\scrcpy\DesktopConnection.java,com.genymobile.scrcpy.DesktopConnection,"DesktopConnection/2[com.genymobile.scrcpy.LocalSocket,com.genymobile.scrcpy.LocalSocket]",controlOutputStream,2
C:\QtScrcpy-dev\server\src\main\java\com\genymobile\scrcpy\DesktopConnection.java,com.genymobile.scrcpy.DesktopConnection,close/0,videoSocket,3
C:\QtScrcpy-dev\server\src\main\java\com\genymobile\scrcpy\DesktopConnection.java,com.genymobile.scrcpy.DesktopConnection,close/0,controlSocket,4
C:\QtScrcpy-dev\server\src\main\java\com\genymobile\scrcpy\DesktopConnection.java,com.genymobile.scrcpy.DesktopConnection,sendDeviceMessage/1[com.genymobile.scrcpy.DeviceMessage],controlOutputStream,1
C:\QtScrcpy-dev\server\src\main\java\com\genymobile\scrcpy\DesktopConnection.java,com.genymobile.scrcpy.DesktopConnection,sendDeviceMessage/1[com.genymobile.scrcpy.DeviceMessage],writer,1
C:\QtScrcpy-dev\server\src\main\java\com\genymobile\scrcpy\wrappers\StatusBarManager.java,com.genymobile.scrcpy.wrappers.StatusBarManager,getCollapsePanelsMethod/0,manager,1
C:\QtScrcpy-dev\server\src\main\java\com\genymobile\scrcpy\wrappers\StatusBarManager.java,com.genymobile.scrcpy.wrappers.StatusBarManager,getCollapsePanelsMethod/0,collapsePanelsMethod,3
C:\QtScrcpy-dev\server\src\main\java\com\genymobile\scrcpy\wrappers\StatusBarManager.java,com.genymobile.scrcpy.wrappers.StatusBarManager,collapsePanels/0,manager,1
C:\QtScrcpy-dev\server\src\main\java\com\genymobile\scrcpy\wrappers\StatusBarManager.java,com.genymobile.scrcpy.wrappers.StatusBarManager,getExpandSettingsPanel/0,expandSettingsPanelMethod,4
C:\QtScrcpy-dev\server\src\main\java\com\genymobile\scrcpy\wrappers\StatusBarManager.java,com.genymobile.scrcpy.wrappers.StatusBarManager,getExpandSettingsPanel/0,manager,2
C:\QtScrcpy-dev\server\src\main\java\com\genymobile\scrcpy\wrappers\StatusBarManager.java,com.genymobile.scrcpy.wrappers.StatusBarManager,getExpandSettingsPanel/0,expandSettingsPanelMethodNewVersion,1
C:\QtScrcpy-dev\server\src\main\java\com\genymobile\scrcpy\wrappers\StatusBarManager.java,com.genymobile.scrcpy.wrappers.StatusBarManager,StatusBarManager/1[com.genymobile.scrcpy.wrappers.IInterface],manager,3
C:\QtScrcpy-dev\server\src\main\java\com\genymobile\scrcpy\wrappers\StatusBarManager.java,com.genymobile.scrcpy.wrappers.StatusBarManager,expandNotificationsPanel/0,manager,2
C:\QtScrcpy-dev\server\src\main\java\com\genymobile\scrcpy\wrappers\StatusBarManager.java,com.genymobile.scrcpy.wrappers.StatusBarManager,expandNotificationsPanel/0,expandNotificationPanelMethodCustomVersion,1
C:\QtScrcpy-dev\server\src\main\java\com\genymobile\scrcpy\wrappers\StatusBarManager.java,com.genymobile.scrcpy.wrappers.StatusBarManager,getExpandNotificationsPanelMethod/0,expandNotificationsPanelMethod,4
C:\QtScrcpy-dev\server\src\main\java\com\genymobile\scrcpy\wrappers\StatusBarManager.java,com.genymobile.scrcpy.wrappers.StatusBarManager,getExpandNotificationsPanelMethod/0,manager,2
C:\QtScrcpy-dev\server\src\main\java\com\genymobile\scrcpy\wrappers\StatusBarManager.java,com.genymobile.scrcpy.wrappers.StatusBarManager,getExpandNotificationsPanelMethod/0,expandNotificationPanelMethodCustomVersion,1
C:\QtScrcpy-dev\server\src\main\java\com\genymobile\scrcpy\wrappers\StatusBarManager.java,com.genymobile.scrcpy.wrappers.StatusBarManager,expandSettingsPanel/0,manager,2
C:\QtScrcpy-dev\server\src\main\java\com\genymobile\scrcpy\wrappers\StatusBarManager.java,com.genymobile.scrcpy.wrappers.StatusBarManager,expandSettingsPanel/0,expandSettingsPanelMethodNewVersion,1
C:\QtScrcpy-dev\server\src\main\java\com\genymobile\scrcpy\ControlMessage.java,com.genymobile.scrcpy.ControlMessage,getPaste/0,paste,1
C:\QtScrcpy-dev\server\src\main\java\com\genymobile\scrcpy\ControlMessage.java,com.genymobile.scrcpy.ControlMessage,getButtons/0,buttons,1
C:\QtScrcpy-dev\server\src\main\java\com\genymobile\scrcpy\ControlMessage.java,com.genymobile.scrcpy.ControlMessage,getSequence/0,sequence,1
C:\QtScrcpy-dev\server\src\main\java\com\genymobile\scrcpy\ControlMessage.java,com.genymobile.scrcpy.ControlMessage,getHScroll/0,hScroll,1
C:\QtScrcpy-dev\server\src\main\java\com\genymobile\scrcpy\ControlMessage.java,com.genymobile.scrcpy.ControlMessage,getCopyKey/0,copyKey,1
C:\QtScrcpy-dev\server\src\main\java\com\genymobile\scrcpy\ControlMessage.java,com.genymobile.scrcpy.ControlMessage,getMetaState/0,metaState,1
C:\QtScrcpy-dev\server\src\main\java\com\genymobile\scrcpy\ControlMessage.java,com.genymobile.scrcpy.ControlMessage,createEmpty/1[int],type,2
C:\QtScrcpy-dev\server\src\main\java\com\genymobile\scrcpy\ControlMessage.java,com.genymobile.scrcpy.ControlMessage,"createInjectScrollEvent/4[com.genymobile.scrcpy.Position,int,int,int]",buttons,2
C:\QtScrcpy-dev\server\src\main\java\com\genymobile\scrcpy\ControlMessage.java,com.genymobile.scrcpy.ControlMessage,"createInjectScrollEvent/4[com.genymobile.scrcpy.Position,int,int,int]",TYPE_INJECT_SCROLL_EVENT,1
C:\QtScrcpy-dev\server\src\main\java\com\genymobile\scrcpy\ControlMessage.java,com.genymobile.scrcpy.ControlMessage,"createInjectScrollEvent/4[com.genymobile.scrcpy.Position,int,int,int]",hScroll,2
C:\QtScrcpy-dev\server\src\main\java\com\genymobile\scrcpy\ControlMessage.java,com.genymobile.scrcpy.ControlMessage,"createInjectScrollEvent/4[com.genymobile.scrcpy.Position,int,int,int]",vScroll,2
C:\QtScrcpy-dev\server\src\main\java\com\genymobile\scrcpy\ControlMessage.java,com.genymobile.scrcpy.ControlMessage,"createInjectScrollEvent/4[com.genymobile.scrcpy.Position,int,int,int]",position,2
C:\QtScrcpy-dev\server\src\main\java\com\genymobile\scrcpy\ControlMessage.java,com.genymobile.scrcpy.ControlMessage,"createInjectKeycode/4[int,int,int,int]",keycode,2
C:\QtScrcpy-dev\server\src\main\java\com\genymobile\scrcpy\ControlMessage.java,com.genymobile.scrcpy.ControlMessage,"createInjectKeycode/4[int,int,int,int]",metaState,2
C:\QtScrcpy-dev\server\src\main\java\com\genymobile\scrcpy\ControlMessage.java,com.genymobile.scrcpy.ControlMessage,"createInjectKeycode/4[int,int,int,int]",repeat,2
C:\QtScrcpy-dev\server\src\main\java\com\genymobile\scrcpy\ControlMessage.java,com.genymobile.scrcpy.ControlMessage,"createInjectKeycode/4[int,int,int,int]",action,2
C:\QtScrcpy-dev\server\src\main\java\com\genymobile\scrcpy\ControlMessage.java,com.genymobile.scrcpy.ControlMessage,"createInjectKeycode/4[int,int,int,int]",TYPE_INJECT_KEYCODE,1
C:\QtScrcpy-dev\server\src\main\java\com\genymobile\scrcpy\ControlMessage.java,com.genymobile.scrcpy.ControlMessage,getRepeat/0,repeat,1
C:\QtScrcpy-dev\server\src\main\java\com\genymobile\scrcpy\ControlMessage.java,com.genymobile.scrcpy.ControlMessage,createGetClipboard/1[int],TYPE_GET_CLIPBOARD,1
C:\QtScrcpy-dev\server\src\main\java\com\genymobile\scrcpy\ControlMessage.java,com.genymobile.scrcpy.ControlMessage,createGetClipboard/1[int],copyKey,2
C:\QtScrcpy-dev\server\src\main\java\com\genymobile\scrcpy\ControlMessage.java,com.genymobile.scrcpy.ControlMessage,createBackOrScreenOn/1[int],TYPE_BACK_OR_SCREEN_ON,1
C:\QtScrcpy-dev\server\src\main\java\com\genymobile\scrcpy\ControlMessage.java,com.genymobile.scrcpy.ControlMessage,createBackOrScreenOn/1[int],action,2
C:\QtScrcpy-dev\server\src\main\java\com\genymobile\scrcpy\ControlMessage.java,com.genymobile.scrcpy.ControlMessage,"createSetClipboard/3[long,java.lang.String,boolean]",sequence,2
C:\QtScrcpy-dev\server\src\main\java\com\genymobile\scrcpy\ControlMessage.java,com.genymobile.scrcpy.ControlMessage,"createSetClipboard/3[long,java.lang.String,boolean]",text,2
C:\QtScrcpy-dev\server\src\main\java\com\genymobile\scrcpy\ControlMessage.java,com.genymobile.scrcpy.ControlMessage,"createSetClipboard/3[long,java.lang.String,boolean]",paste,2
C:\QtScrcpy-dev\server\src\main\java\com\genymobile\scrcpy\ControlMessage.java,com.genymobile.scrcpy.ControlMessage,"createSetClipboard/3[long,java.lang.String,boolean]",TYPE_SET_CLIPBOARD,1
C:\QtScrcpy-dev\server\src\main\java\com\genymobile\scrcpy\ControlMessage.java,com.genymobile.scrcpy.ControlMessage,getAction/0,action,1
C:\QtScrcpy-dev\server\src\main\java\com\genymobile\scrcpy\ControlMessage.java,com.genymobile.scrcpy.ControlMessage,getPointerId/0,pointerId,1
C:\QtScrcpy-dev\server\src\main\java\com\genymobile\scrcpy\ControlMessage.java,com.genymobile.scrcpy.ControlMessage,getVScroll/0,vScroll,1
C:\QtScrcpy-dev\server\src\main\java\com\genymobile\scrcpy\ControlMessage.java,com.genymobile.scrcpy.ControlMessage,"createInjectTouchEvent/5[int,long,com.genymobile.scrcpy.Position,float,int]",pointerId,2
C:\QtScrcpy-dev\server\src\main\java\com\genymobile\scrcpy\ControlMessage.java,com.genymobile.scrcpy.ControlMessage,"createInjectTouchEvent/5[int,long,com.genymobile.scrcpy.Position,float,int]",buttons,2
C:\QtScrcpy-dev\server\src\main\java\com\genymobile\scrcpy\ControlMessage.java,com.genymobile.scrcpy.ControlMessage,"createInjectTouchEvent/5[int,long,com.genymobile.scrcpy.Position,float,int]",TYPE_INJECT_TOUCH_EVENT,1
C:\QtScrcpy-dev\server\src\main\java\com\genymobile\scrcpy\ControlMessage.java,com.genymobile.scrcpy.ControlMessage,"createInjectTouchEvent/5[int,long,com.genymobile.scrcpy.Position,float,int]",action,2
C:\QtScrcpy-dev\server\src\main\java\com\genymobile\scrcpy\ControlMessage.java,com.genymobile.scrcpy.ControlMessage,"createInjectTouchEvent/5[int,long,com.genymobile.scrcpy.Position,float,int]",position,2
C:\QtScrcpy-dev\server\src\main\java\com\genymobile\scrcpy\ControlMessage.java,com.genymobile.scrcpy.ControlMessage,"createInjectTouchEvent/5[int,long,com.genymobile.scrcpy.Position,float,int]",pressure,2
C:\QtScrcpy-dev\server\src\main\java\com\genymobile\scrcpy\ControlMessage.java,com.genymobile.scrcpy.ControlMessage,createInjectText/1[java.lang.String],TYPE_INJECT_TEXT,1
C:\QtScrcpy-dev\server\src\main\java\com\genymobile\scrcpy\ControlMessage.java,com.genymobile.scrcpy.ControlMessage,createInjectText/1[java.lang.String],text,2
C:\QtScrcpy-dev\server\src\main\java\com\genymobile\scrcpy\ControlMessage.java,com.genymobile.scrcpy.ControlMessage,createSetScreenPowerMode/1[int],TYPE_SET_SCREEN_POWER_MODE,1
C:\QtScrcpy-dev\server\src\main\java\com\genymobile\scrcpy\ControlMessage.java,com.genymobile.scrcpy.ControlMessage,getPressure/0,pressure,1
C:\QtScrcpy-dev\server\src\main\java\com\genymobile\scrcpy\ControlMessage.java,com.genymobile.scrcpy.ControlMessage,getText/0,text,1
C:\QtScrcpy-dev\server\src\main\java\com\genymobile\scrcpy\ControlMessage.java,com.genymobile.scrcpy.ControlMessage,getKeycode/0,keycode,1
C:\QtScrcpy-dev\server\src\main\java\com\genymobile\scrcpy\ControlMessage.java,com.genymobile.scrcpy.ControlMessage,getType/0,type,1
C:\QtScrcpy-dev\server\src\main\java\com\genymobile\scrcpy\ControlMessage.java,com.genymobile.scrcpy.ControlMessage,getPosition/0,position,1
C:\QtScrcpy-dev\server\src\main\java\com\genymobile\scrcpy\CleanUp.java,com.genymobile.scrcpy.CleanUp,startProcess/1[com.genymobile.scrcpy.CleanUp.Config],SERVER_PATH,1
C:\QtScrcpy-dev\server\src\main\java\com\genymobile\scrcpy\CleanUp.java,com.genymobile.scrcpy.CleanUp,unlinkSelf/0,SERVER_PATH,1
C:\QtScrcpy-dev\server\src\main\java\com\genymobile\scrcpy\DeviceMessageSender.java,com.genymobile.scrcpy.DeviceMessageSender,pushClipboardText/1[java.lang.String],clipboardText,1
C:\QtScrcpy-dev\server\src\main\java\com\genymobile\scrcpy\DeviceMessageSender.java,com.genymobile.scrcpy.DeviceMessageSender,pushAckClipboard/1[long],ack,1
C:\QtScrcpy-dev\server\src\main\java\com\genymobile\scrcpy\DeviceMessageSender.java,com.genymobile.scrcpy.DeviceMessageSender,DeviceMessageSender/1[com.genymobile.scrcpy.DesktopConnection],connection,3
C:\QtScrcpy-dev\server\src\main\java\com\genymobile\scrcpy\DeviceMessageSender.java,com.genymobile.scrcpy.DeviceMessageSender,loop/0,ack,3
C:\QtScrcpy-dev\server\src\main\java\com\genymobile\scrcpy\DeviceMessageSender.java,com.genymobile.scrcpy.DeviceMessageSender,loop/0,connection,2
C:\QtScrcpy-dev\server\src\main\java\com\genymobile\scrcpy\DeviceMessageSender.java,com.genymobile.scrcpy.DeviceMessageSender,loop/0,clipboardText,3
C:\QtScrcpy-dev\server\src\main\java\com\genymobile\scrcpy\DeviceMessage.java,com.genymobile.scrcpy.DeviceMessage,createAckClipboard/1[long],TYPE_ACK_CLIPBOARD,1
C:\QtScrcpy-dev\server\src\main\java\com\genymobile\scrcpy\DeviceMessage.java,com.genymobile.scrcpy.DeviceMessage,createAckClipboard/1[long],sequence,2
C:\QtScrcpy-dev\server\src\main\java\com\genymobile\scrcpy\DeviceMessage.java,com.genymobile.scrcpy.DeviceMessage,getSequence/0,sequence,1
C:\QtScrcpy-dev\server\src\main\java\com\genymobile\scrcpy\DeviceMessage.java,com.genymobile.scrcpy.DeviceMessage,createClipboard/1[java.lang.String],TYPE_CLIPBOARD,1
C:\QtScrcpy-dev\server\src\main\java\com\genymobile\scrcpy\DeviceMessage.java,com.genymobile.scrcpy.DeviceMessage,createClipboard/1[java.lang.String],text,2
C:\QtScrcpy-dev\server\src\main\java\com\genymobile\scrcpy\DeviceMessage.java,com.genymobile.scrcpy.DeviceMessage,getText/0,text,1
C:\QtScrcpy-dev\server\src\main\java\com\genymobile\scrcpy\DeviceMessage.java,com.genymobile.scrcpy.DeviceMessage,getType/0,type,1
C:\QtScrcpy-dev\server\src\main\java\com\genymobile\scrcpy\Ln.java,com.genymobile.scrcpy.Ln,initLogLevel/1[com.genymobile.scrcpy.Ln.Level],threshold,1
C:\QtScrcpy-dev\server\src\main\java\com\genymobile\scrcpy\Ln.java,com.genymobile.scrcpy.Ln,"e/2[java.lang.String,java.lang.Throwable]",PREFIX,1
C:\QtScrcpy-dev\server\src\main\java\com\genymobile\scrcpy\Ln.java,com.genymobile.scrcpy.Ln,"e/2[java.lang.String,java.lang.Throwable]",TAG,1
C:\QtScrcpy-dev\server\src\main\java\com\genymobile\scrcpy\Ln.java,com.genymobile.scrcpy.Ln,d/1[java.lang.String],PREFIX,1
C:\QtScrcpy-dev\server\src\main\java\com\genymobile\scrcpy\Ln.java,com.genymobile.scrcpy.Ln,d/1[java.lang.String],TAG,1
C:\QtScrcpy-dev\server\src\main\java\com\genymobile\scrcpy\Ln.java,com.genymobile.scrcpy.Ln,"w/2[java.lang.String,java.lang.Throwable]",PREFIX,1
C:\QtScrcpy-dev\server\src\main\java\com\genymobile\scrcpy\Ln.java,com.genymobile.scrcpy.Ln,"w/2[java.lang.String,java.lang.Throwable]",TAG,1
C:\QtScrcpy-dev\server\src\main\java\com\genymobile\scrcpy\Ln.java,com.genymobile.scrcpy.Ln,v/1[java.lang.String],PREFIX,1
C:\QtScrcpy-dev\server\src\main\java\com\genymobile\scrcpy\Ln.java,com.genymobile.scrcpy.Ln,v/1[java.lang.String],TAG,1
C:\QtScrcpy-dev\server\src\main\java\com\genymobile\scrcpy\Ln.java,com.genymobile.scrcpy.Ln,i/1[java.lang.String],PREFIX,1
C:\QtScrcpy-dev\server\src\main\java\com\genymobile\scrcpy\Ln.java,com.genymobile.scrcpy.Ln,i/1[java.lang.String],TAG,1
C:\QtScrcpy-dev\server\src\main\java\com\genymobile\scrcpy\Ln.java,com.genymobile.scrcpy.Ln,isEnabled/1[com.genymobile.scrcpy.Ln.Level],threshold,1
C:\QtScrcpy-dev\server\src\main\java\com\genymobile\scrcpy\ScreenInfo.java,com.genymobile.scrcpy.ScreenInfo,getContentRect/0,contentRect,1
C:\QtScrcpy-dev\server\src\main\java\com\genymobile\scrcpy\ScreenInfo.java,com.genymobile.scrcpy.ScreenInfo,getVideoSize/0,unlockedVideoSize,2
C:\QtScrcpy-dev\server\src\main\java\com\genymobile\scrcpy\ScreenInfo.java,com.genymobile.scrcpy.ScreenInfo,getUnlockedVideoSize/0,unlockedVideoSize,1
C:\QtScrcpy-dev\server\src\main\java\com\genymobile\scrcpy\ScreenInfo.java,com.genymobile.scrcpy.ScreenInfo,getVideoRotation/0,lockedVideoOrientation,2
C:\QtScrcpy-dev\server\src\main\java\com\genymobile\scrcpy\ScreenInfo.java,com.genymobile.scrcpy.ScreenInfo,getVideoRotation/0,deviceRotation,1
C:\QtScrcpy-dev\server\src\main\java\com\genymobile\scrcpy\ScreenInfo.java,com.genymobile.scrcpy.ScreenInfo,getReverseVideoRotation/0,lockedVideoOrientation,2
C:\QtScrcpy-dev\server\src\main\java\com\genymobile\scrcpy\ScreenInfo.java,com.genymobile.scrcpy.ScreenInfo,getReverseVideoRotation/0,deviceRotation,1
C:\QtScrcpy-dev\server\src\main\java\com\genymobile\scrcpy\ScreenInfo.java,com.genymobile.scrcpy.ScreenInfo,getDeviceRotation/0,deviceRotation,1
C:\QtScrcpy-dev\server\src\main\java\com\genymobile\scrcpy\ScreenInfo.java,com.genymobile.scrcpy.ScreenInfo,withDeviceRotation/1[int],contentRect,2
C:\QtScrcpy-dev\server\src\main\java\com\genymobile\scrcpy\ScreenInfo.java,com.genymobile.scrcpy.ScreenInfo,withDeviceRotation/1[int],lockedVideoOrientation,1
C:\QtScrcpy-dev\server\src\main\java\com\genymobile\scrcpy\ScreenInfo.java,com.genymobile.scrcpy.ScreenInfo,withDeviceRotation/1[int],deviceRotation,2
C:\QtScrcpy-dev\server\src\main\java\com\genymobile\scrcpy\ScreenInfo.java,com.genymobile.scrcpy.ScreenInfo,withDeviceRotation/1[int],unlockedVideoSize,2
C:\QtScrcpy-dev\server\src\main\java\com\genymobile\scrcpy\ScreenInfo.java,com.genymobile.scrcpy.ScreenInfo,"computeScreenInfo/5[int,com.genymobile.scrcpy.Size,com.genymobile.scrcpy.Rect,int,int]",lockedVideoOrientation,4
C:\QtScrcpy-dev\server\src\main\java\com\genymobile\scrcpy\ScreenInfo.java,com.genymobile.scrcpy.ScreenInfo,"ScreenInfo/4[com.genymobile.scrcpy.Rect,com.genymobile.scrcpy.Size,int,int]",contentRect,3
C:\QtScrcpy-dev\server\src\main\java\com\genymobile\scrcpy\ScreenInfo.java,com.genymobile.scrcpy.ScreenInfo,"ScreenInfo/4[com.genymobile.scrcpy.Rect,com.genymobile.scrcpy.Size,int,int]",lockedVideoOrientation,3
C:\QtScrcpy-dev\server\src\main\java\com\genymobile\scrcpy\ScreenInfo.java,com.genymobile.scrcpy.ScreenInfo,"ScreenInfo/4[com.genymobile.scrcpy.Rect,com.genymobile.scrcpy.Size,int,int]",deviceRotation,3
C:\QtScrcpy-dev\server\src\main\java\com\genymobile\scrcpy\ScreenInfo.java,com.genymobile.scrcpy.ScreenInfo,"ScreenInfo/4[com.genymobile.scrcpy.Rect,com.genymobile.scrcpy.Size,int,int]",unlockedVideoSize,3
C:\QtScrcpy-dev\server\src\main\java\com\genymobile\scrcpy\wrappers\DisplayManager.java,com.genymobile.scrcpy.wrappers.DisplayManager,getDisplayIds/0,manager,2
C:\QtScrcpy-dev\server\src\main\java\com\genymobile\scrcpy\wrappers\DisplayManager.java,com.genymobile.scrcpy.wrappers.DisplayManager,getDisplayInfo/1[int],manager,2
C:\QtScrcpy-dev\server\src\main\java\com\genymobile\scrcpy\wrappers\DisplayManager.java,com.genymobile.scrcpy.wrappers.DisplayManager,DisplayManager/1[com.genymobile.scrcpy.wrappers.IInterface],manager,3
C:\QtScrcpy-dev\server\src\main\java\com\genymobile\scrcpy\ScreenEncoder.java,com.genymobile.scrcpy.ScreenEncoder,"internalStreamScreen/2[com.genymobile.scrcpy.Device,java.io.FileDescriptor]",encoderName,1
C:\QtScrcpy-dev\server\src\main\java\com\genymobile\scrcpy\ScreenEncoder.java,com.genymobile.scrcpy.ScreenEncoder,"internalStreamScreen/2[com.genymobile.scrcpy.Device,java.io.FileDescriptor]",bitRate,1
C:\QtScrcpy-dev\server\src\main\java\com\genymobile\scrcpy\ScreenEncoder.java,com.genymobile.scrcpy.ScreenEncoder,"internalStreamScreen/2[com.genymobile.scrcpy.Device,java.io.FileDescriptor]",codecOptions,1
C:\QtScrcpy-dev\server\src\main\java\com\genymobile\scrcpy\ScreenEncoder.java,com.genymobile.scrcpy.ScreenEncoder,"internalStreamScreen/2[com.genymobile.scrcpy.Device,java.io.FileDescriptor]",downsizeOnError,1
C:\QtScrcpy-dev\server\src\main\java\com\genymobile\scrcpy\ScreenEncoder.java,com.genymobile.scrcpy.ScreenEncoder,"internalStreamScreen/2[com.genymobile.scrcpy.Device,java.io.FileDescriptor]",maxFps,1
C:\QtScrcpy-dev\server\src\main\java\com\genymobile\scrcpy\ScreenEncoder.java,com.genymobile.scrcpy.ScreenEncoder,"internalStreamScreen/2[com.genymobile.scrcpy.Device,java.io.FileDescriptor]",firstFrameSent,1
C:\QtScrcpy-dev\server\src\main\java\com\genymobile\scrcpy\ScreenEncoder.java,com.genymobile.scrcpy.ScreenEncoder,onRotationChanged/1[int],rotationChanged,1
C:\QtScrcpy-dev\server\src\main\java\com\genymobile\scrcpy\ScreenEncoder.java,com.genymobile.scrcpy.ScreenEncoder,"ScreenEncoder/6[boolean,int,int,java.util.List<com.genymobile.scrcpy.CodecOption>,java.lang.String,boolean]",encoderName,3
C:\QtScrcpy-dev\server\src\main\java\com\genymobile\scrcpy\ScreenEncoder.java,com.genymobile.scrcpy.ScreenEncoder,"ScreenEncoder/6[boolean,int,int,java.util.List<com.genymobile.scrcpy.CodecOption>,java.lang.String,boolean]",bitRate,3
C:\QtScrcpy-dev\server\src\main\java\com\genymobile\scrcpy\ScreenEncoder.java,com.genymobile.scrcpy.ScreenEncoder,"ScreenEncoder/6[boolean,int,int,java.util.List<com.genymobile.scrcpy.CodecOption>,java.lang.String,boolean]",codecOptions,3
C:\QtScrcpy-dev\server\src\main\java\com\genymobile\scrcpy\ScreenEncoder.java,com.genymobile.scrcpy.ScreenEncoder,"ScreenEncoder/6[boolean,int,int,java.util.List<com.genymobile.scrcpy.CodecOption>,java.lang.String,boolean]",sendFrameMeta,3
C:\QtScrcpy-dev\server\src\main\java\com\genymobile\scrcpy\ScreenEncoder.java,com.genymobile.scrcpy.ScreenEncoder,"ScreenEncoder/6[boolean,int,int,java.util.List<com.genymobile.scrcpy.CodecOption>,java.lang.String,boolean]",downsizeOnError,3
C:\QtScrcpy-dev\server\src\main\java\com\genymobile\scrcpy\ScreenEncoder.java,com.genymobile.scrcpy.ScreenEncoder,"ScreenEncoder/6[boolean,int,int,java.util.List<com.genymobile.scrcpy.CodecOption>,java.lang.String,boolean]",maxFps,3
C:\QtScrcpy-dev\server\src\main\java\com\genymobile\scrcpy\ScreenEncoder.java,com.genymobile.scrcpy.ScreenEncoder,"encode/2[com.genymobile.scrcpy.MediaCodec,java.io.FileDescriptor]",sendFrameMeta,1
C:\QtScrcpy-dev\server\src\main\java\com\genymobile\scrcpy\ScreenEncoder.java,com.genymobile.scrcpy.ScreenEncoder,"encode/2[com.genymobile.scrcpy.MediaCodec,java.io.FileDescriptor]",firstFrameSent,1
C:\QtScrcpy-dev\server\src\main\java\com\genymobile\scrcpy\ScreenEncoder.java,com.genymobile.scrcpy.ScreenEncoder,consumeRotationChange/0,rotationChanged,1
C:\QtScrcpy-dev\server\src\main\java\com\genymobile\scrcpy\ScreenEncoder.java,com.genymobile.scrcpy.ScreenEncoder,chooseMaxSizeFallback/1[com.genymobile.scrcpy.Size],MAX_SIZE_FALLBACK,1
C:\QtScrcpy-dev\server\src\main\java\com\genymobile\scrcpy\ScreenEncoder.java,com.genymobile.scrcpy.ScreenEncoder,createCodec/1[java.lang.String],encoderName,5
C:\QtScrcpy-dev\server\src\main\java\com\genymobile\scrcpy\ScreenEncoder.java,com.genymobile.scrcpy.ScreenEncoder,"createFormat/3[int,int,java.util.List<com.genymobile.scrcpy.CodecOption>]",KEY_MAX_FPS_TO_ENCODER,1
C:\QtScrcpy-dev\server\src\main\java\com\genymobile\scrcpy\ScreenEncoder.java,com.genymobile.scrcpy.ScreenEncoder,"createFormat/3[int,int,java.util.List<com.genymobile.scrcpy.CodecOption>]",bitRate,2
C:\QtScrcpy-dev\server\src\main\java\com\genymobile\scrcpy\ScreenEncoder.java,com.genymobile.scrcpy.ScreenEncoder,"createFormat/3[int,int,java.util.List<com.genymobile.scrcpy.CodecOption>]",codecOptions,3
C:\QtScrcpy-dev\server\src\main\java\com\genymobile\scrcpy\ScreenEncoder.java,com.genymobile.scrcpy.ScreenEncoder,"createFormat/3[int,int,java.util.List<com.genymobile.scrcpy.CodecOption>]",REPEAT_FRAME_DELAY_US,1
C:\QtScrcpy-dev\server\src\main\java\com\genymobile\scrcpy\ScreenEncoder.java,com.genymobile.scrcpy.ScreenEncoder,"createFormat/3[int,int,java.util.List<com.genymobile.scrcpy.CodecOption>]",maxFps,3
C:\QtScrcpy-dev\server\src\main\java\com\genymobile\scrcpy\ScreenEncoder.java,com.genymobile.scrcpy.ScreenEncoder,"createFormat/3[int,int,java.util.List<com.genymobile.scrcpy.CodecOption>]",DEFAULT_I_FRAME_INTERVAL,1
C:\QtScrcpy-dev\server\src\main\java\com\genymobile\scrcpy\ScreenEncoder.java,com.genymobile.scrcpy.ScreenEncoder,"writeFrameMeta/3[java.io.FileDescriptor,MediaCodec.BufferInfo,int]",PACKET_FLAG_CONFIG,1
C:\QtScrcpy-dev\server\src\main\java\com\genymobile\scrcpy\ScreenEncoder.java,com.genymobile.scrcpy.ScreenEncoder,"writeFrameMeta/3[java.io.FileDescriptor,MediaCodec.BufferInfo,int]",PACKET_FLAG_KEY_FRAME,1
C:\QtScrcpy-dev\server\src\main\java\com\genymobile\scrcpy\ScreenEncoder.java,com.genymobile.scrcpy.ScreenEncoder,"writeFrameMeta/3[java.io.FileDescriptor,MediaCodec.BufferInfo,int]",ptsOrigin,3
C:\QtScrcpy-dev\server\src\main\java\com\genymobile\scrcpy\ScreenEncoder.java,com.genymobile.scrcpy.ScreenEncoder,"writeFrameMeta/3[java.io.FileDescriptor,MediaCodec.BufferInfo,int]",headerBuffer,5
C:\QtScrcpy-dev\server\src\main\java\com\genymobile\scrcpy\Options.java,com.genymobile.scrcpy.Options,setMaxFps/1[int],maxFps,3
C:\QtScrcpy-dev\server\src\main\java\com\genymobile\scrcpy\Options.java,com.genymobile.scrcpy.Options,getCodecOptions/0,codecOptions,1
C:\QtScrcpy-dev\server\src\main\java\com\genymobile\scrcpy\Options.java,com.genymobile.scrcpy.Options,getCleanup/0,cleanup,1
C:\QtScrcpy-dev\server\src\main\java\com\genymobile\scrcpy\Options.java,com.genymobile.scrcpy.Options,getMaxSize/0,maxSize,1
C:\QtScrcpy-dev\server\src\main\java\com\genymobile\scrcpy\Options.java,com.genymobile.scrcpy.Options,getDisplayId/0,displayId,1
C:\QtScrcpy-dev\server\src\main\java\com\genymobile\scrcpy\Options.java,com.genymobile.scrcpy.Options,setStayAwake/1[boolean],stayAwake,3
C:\QtScrcpy-dev\server\src\main\java\com\genymobile\scrcpy\Options.java,com.genymobile.scrcpy.Options,setPowerOffScreenOnClose/1[boolean],powerOffScreenOnClose,3
C:\QtScrcpy-dev\server\src\main\java\com\genymobile\scrcpy\Options.java,com.genymobile.scrcpy.Options,setCodecOptions/1[java.util.List<com.genymobile.scrcpy.CodecOption>],codecOptions,3
C:\QtScrcpy-dev\server\src\main\java\com\genymobile\scrcpy\Options.java,com.genymobile.scrcpy.Options,getSendFrameMeta/0,sendFrameMeta,1
C:\QtScrcpy-dev\server\src\main\java\com\genymobile\scrcpy\Options.java,com.genymobile.scrcpy.Options,setBitRate/1[int],bitRate,3
C:\QtScrcpy-dev\server\src\main\java\com\genymobile\scrcpy\Options.java,com.genymobile.scrcpy.Options,setDownsizeOnError/1[boolean],downsizeOnError,3
C:\QtScrcpy-dev\server\src\main\java\com\genymobile\scrcpy\Options.java,com.genymobile.scrcpy.Options,setCleanup/1[boolean],cleanup,3
C:\QtScrcpy-dev\server\src\main\java\com\genymobile\scrcpy\Options.java,com.genymobile.scrcpy.Options,getLockVideoOrientation/0,lockVideoOrientation,1
C:\QtScrcpy-dev\server\src\main\java\com\genymobile\scrcpy\Options.java,com.genymobile.scrcpy.Options,isTunnelForward/0,tunnelForward,1
C:\QtScrcpy-dev\server\src\main\java\com\genymobile\scrcpy\Options.java,com.genymobile.scrcpy.Options,setControl/1[boolean],control,3
C:\QtScrcpy-dev\server\src\main\java\com\genymobile\scrcpy\Options.java,com.genymobile.scrcpy.Options,getSendDummyByte/0,sendDummyByte,1
C:\QtScrcpy-dev\server\src\main\java\com\genymobile\scrcpy\Options.java,com.genymobile.scrcpy.Options,setShowTouches/1[boolean],showTouches,3
C:\QtScrcpy-dev\server\src\main\java\com\genymobile\scrcpy\Options.java,com.genymobile.scrcpy.Options,getClipboardAutosync/0,clipboardAutosync,1
C:\QtScrcpy-dev\server\src\main\java\com\genymobile\scrcpy\Options.java,com.genymobile.scrcpy.Options,getShowTouches/0,showTouches,1
C:\QtScrcpy-dev\server\src\main\java\com\genymobile\scrcpy\Options.java,com.genymobile.scrcpy.Options,setSendDummyByte/1[boolean],sendDummyByte,3
C:\QtScrcpy-dev\server\src\main\java\com\genymobile\scrcpy\Options.java,com.genymobile.scrcpy.Options,setSendDeviceMeta/1[boolean],sendDeviceMeta,3
C:\QtScrcpy-dev\server\src\main\java\com\genymobile\scrcpy\Options.java,com.genymobile.scrcpy.Options,setLogLevel/1[com.genymobile.scrcpy.Ln.Level],logLevel,3
C:\QtScrcpy-dev\server\src\main\java\com\genymobile\scrcpy\Options.java,com.genymobile.scrcpy.Options,getMaxFps/0,maxFps,1
C:\QtScrcpy-dev\server\src\main\java\com\genymobile\scrcpy\Options.java,com.genymobile.scrcpy.Options,setLockVideoOrientation/1[int],lockVideoOrientation,3
C:\QtScrcpy-dev\server\src\main\java\com\genymobile\scrcpy\Options.java,com.genymobile.scrcpy.Options,setCrop/1[com.genymobile.scrcpy.Rect],crop,3
C:\QtScrcpy-dev\server\src\main\java\com\genymobile\scrcpy\Options.java,com.genymobile.scrcpy.Options,getEncoderName/0,encoderName,1
C:\QtScrcpy-dev\server\src\main\java\com\genymobile\scrcpy\Options.java,com.genymobile.scrcpy.Options,setEncoderName/1[java.lang.String],encoderName,3
C:\QtScrcpy-dev\server\src\main\java\com\genymobile\scrcpy\Options.java,com.genymobile.scrcpy.Options,setMaxSize/1[int],maxSize,3
C:\QtScrcpy-dev\server\src\main\java\com\genymobile\scrcpy\Options.java,com.genymobile.scrcpy.Options,setDisplayId/1[int],displayId,3
C:\QtScrcpy-dev\server\src\main\java\com\genymobile\scrcpy\Options.java,com.genymobile.scrcpy.Options,getCrop/0,crop,1
C:\QtScrcpy-dev\server\src\main\java\com\genymobile\scrcpy\Options.java,com.genymobile.scrcpy.Options,setPowerOn/1[boolean],powerOn,3
C:\QtScrcpy-dev\server\src\main\java\com\genymobile\scrcpy\Options.java,com.genymobile.scrcpy.Options,getPowerOffScreenOnClose/0,powerOffScreenOnClose,1
C:\QtScrcpy-dev\server\src\main\java\com\genymobile\scrcpy\Options.java,com.genymobile.scrcpy.Options,getSendDeviceMeta/0,sendDeviceMeta,1
C:\QtScrcpy-dev\server\src\main\java\com\genymobile\scrcpy\Options.java,com.genymobile.scrcpy.Options,getStayAwake/0,stayAwake,1
C:\QtScrcpy-dev\server\src\main\java\com\genymobile\scrcpy\Options.java,com.genymobile.scrcpy.Options,setClipboardAutosync/1[boolean],clipboardAutosync,3
C:\QtScrcpy-dev\server\src\main\java\com\genymobile\scrcpy\Options.java,com.genymobile.scrcpy.Options,getControl/0,control,1
C:\QtScrcpy-dev\server\src\main\java\com\genymobile\scrcpy\Options.java,com.genymobile.scrcpy.Options,getDownsizeOnError/0,downsizeOnError,1
C:\QtScrcpy-dev\server\src\main\java\com\genymobile\scrcpy\Options.java,com.genymobile.scrcpy.Options,getLogLevel/0,logLevel,1
C:\QtScrcpy-dev\server\src\main\java\com\genymobile\scrcpy\Options.java,com.genymobile.scrcpy.Options,getBitRate/0,bitRate,1
C:\QtScrcpy-dev\server\src\main\java\com\genymobile\scrcpy\Options.java,com.genymobile.scrcpy.Options,setTunnelForward/1[boolean],tunnelForward,3
C:\QtScrcpy-dev\server\src\main\java\com\genymobile\scrcpy\Options.java,com.genymobile.scrcpy.Options,getPowerOn/0,powerOn,1
C:\QtScrcpy-dev\server\src\main\java\com\genymobile\scrcpy\Options.java,com.genymobile.scrcpy.Options,setSendFrameMeta/1[boolean],sendFrameMeta,3
C:\QtScrcpy-dev\server\src\main\java\com\genymobile\scrcpy\Position.java,com.genymobile.scrcpy.Position,rotate/1[int],screenSize,7
C:\QtScrcpy-dev\server\src\main\java\com\genymobile\scrcpy\Position.java,com.genymobile.scrcpy.Position,rotate/1[int],point,6
C:\QtScrcpy-dev\server\src\main\java\com\genymobile\scrcpy\Position.java,com.genymobile.scrcpy.Position,hashCode/0,screenSize,1
C:\QtScrcpy-dev\server\src\main\java\com\genymobile\scrcpy\Position.java,com.genymobile.scrcpy.Position,hashCode/0,point,1
C:\QtScrcpy-dev\server\src\main\java\com\genymobile\scrcpy\Position.java,com.genymobile.scrcpy.Position,getPoint/0,point,1
C:\QtScrcpy-dev\server\src\main\java\com\genymobile\scrcpy\Position.java,com.genymobile.scrcpy.Position,"Position/2[com.genymobile.scrcpy.Point,com.genymobile.scrcpy.Size]",screenSize,3
C:\QtScrcpy-dev\server\src\main\java\com\genymobile\scrcpy\Position.java,com.genymobile.scrcpy.Position,"Position/2[com.genymobile.scrcpy.Point,com.genymobile.scrcpy.Size]",point,3
C:\QtScrcpy-dev\server\src\main\java\com\genymobile\scrcpy\Position.java,com.genymobile.scrcpy.Position,getScreenSize/0,screenSize,1
C:\QtScrcpy-dev\server\src\main\java\com\genymobile\scrcpy\Position.java,com.genymobile.scrcpy.Position,equals/1[java.lang.Object],screenSize,1
C:\QtScrcpy-dev\server\src\main\java\com\genymobile\scrcpy\Position.java,com.genymobile.scrcpy.Position,equals/1[java.lang.Object],point,1
C:\QtScrcpy-dev\server\src\main\java\com\genymobile\scrcpy\Position.java,com.genymobile.scrcpy.Position,toString/0,screenSize,1
C:\QtScrcpy-dev\server\src\main\java\com\genymobile\scrcpy\Position.java,com.genymobile.scrcpy.Position,toString/0,point,1
C:\QtScrcpy-dev\server\src\main\java\com\genymobile\scrcpy\Pointer.java,com.genymobile.scrcpy.Pointer,getId/0,id,1
C:\QtScrcpy-dev\server\src\main\java\com\genymobile\scrcpy\Pointer.java,com.genymobile.scrcpy.Pointer,getPressure/0,pressure,1
C:\QtScrcpy-dev\server\src\main\java\com\genymobile\scrcpy\Pointer.java,com.genymobile.scrcpy.Pointer,isUp/0,up,1
C:\QtScrcpy-dev\server\src\main\java\com\genymobile\scrcpy\Pointer.java,com.genymobile.scrcpy.Pointer,getPoint/0,point,1
C:\QtScrcpy-dev\server\src\main\java\com\genymobile\scrcpy\Pointer.java,com.genymobile.scrcpy.Pointer,"Pointer/2[long,int]",id,3
C:\QtScrcpy-dev\server\src\main\java\com\genymobile\scrcpy\Pointer.java,com.genymobile.scrcpy.Pointer,"Pointer/2[long,int]",localId,3
C:\QtScrcpy-dev\server\src\main\java\com\genymobile\scrcpy\Pointer.java,com.genymobile.scrcpy.Pointer,setUp/1[boolean],up,3
C:\QtScrcpy-dev\server\src\main\java\com\genymobile\scrcpy\Pointer.java,com.genymobile.scrcpy.Pointer,getLocalId/0,localId,1
C:\QtScrcpy-dev\server\src\main\java\com\genymobile\scrcpy\Pointer.java,com.genymobile.scrcpy.Pointer,setPoint/1[com.genymobile.scrcpy.Point],point,3
C:\QtScrcpy-dev\server\src\main\java\com\genymobile\scrcpy\Pointer.java,com.genymobile.scrcpy.Pointer,setPressure/1[float],pressure,3
C:\QtScrcpy-dev\server\src\main\java\com\genymobile\scrcpy\PointersState.java,com.genymobile.scrcpy.PointersState,"update/2[MotionEvent.PointerProperties[],MotionEvent.PointerCoords[]]",pointers,2
C:\QtScrcpy-dev\server\src\main\java\com\genymobile\scrcpy\PointersState.java,com.genymobile.scrcpy.PointersState,nextUnusedLocalId/0,MAX_POINTERS,1
C:\QtScrcpy-dev\server\src\main\java\com\genymobile\scrcpy\PointersState.java,com.genymobile.scrcpy.PointersState,cleanUp/0,pointers,3
C:\QtScrcpy-dev\server\src\main\java\com\genymobile\scrcpy\PointersState.java,com.genymobile.scrcpy.PointersState,get/1[int],pointers,1
C:\QtScrcpy-dev\server\src\main\java\com\genymobile\scrcpy\PointersState.java,com.genymobile.scrcpy.PointersState,indexOf/1[long],pointers,2
C:\QtScrcpy-dev\server\src\main\java\com\genymobile\scrcpy\PointersState.java,com.genymobile.scrcpy.PointersState,isLocalIdAvailable/1[int],pointers,2
C:\QtScrcpy-dev\server\src\main\java\com\genymobile\scrcpy\PointersState.java,com.genymobile.scrcpy.PointersState,getPointerIndex/1[long],MAX_POINTERS,1
C:\QtScrcpy-dev\server\src\main\java\com\genymobile\scrcpy\PointersState.java,com.genymobile.scrcpy.PointersState,getPointerIndex/1[long],pointers,3
C:\QtScrcpy-dev\server\src\main\java\com\genymobile\scrcpy\Size.java,com.genymobile.scrcpy.Size,toString/0,width,1
C:\QtScrcpy-dev\server\src\main\java\com\genymobile\scrcpy\Size.java,com.genymobile.scrcpy.Size,toString/0,height,1
C:\QtScrcpy-dev\server\src\main\java\com\genymobile\scrcpy\Size.java,com.genymobile.scrcpy.Size,getHeight/0,height,1
C:\QtScrcpy-dev\server\src\main\java\com\genymobile\scrcpy\Size.java,com.genymobile.scrcpy.Size,equals/1[java.lang.Object],width,1
C:\QtScrcpy-dev\server\src\main\java\com\genymobile\scrcpy\Size.java,com.genymobile.scrcpy.Size,equals/1[java.lang.Object],height,1
C:\QtScrcpy-dev\server\src\main\java\com\genymobile\scrcpy\Size.java,com.genymobile.scrcpy.Size,toRect/0,width,1
C:\QtScrcpy-dev\server\src\main\java\com\genymobile\scrcpy\Size.java,com.genymobile.scrcpy.Size,toRect/0,height,1
C:\QtScrcpy-dev\server\src\main\java\com\genymobile\scrcpy\Size.java,com.genymobile.scrcpy.Size,getWidth/0,width,1
C:\QtScrcpy-dev\server\src\main\java\com\genymobile\scrcpy\Size.java,com.genymobile.scrcpy.Size,rotate/0,width,1
C:\QtScrcpy-dev\server\src\main\java\com\genymobile\scrcpy\Size.java,com.genymobile.scrcpy.Size,rotate/0,height,1
C:\QtScrcpy-dev\server\src\main\java\com\genymobile\scrcpy\Size.java,com.genymobile.scrcpy.Size,"Size/2[int,int]",width,3
C:\QtScrcpy-dev\server\src\main\java\com\genymobile\scrcpy\Size.java,com.genymobile.scrcpy.Size,"Size/2[int,int]",height,3
C:\QtScrcpy-dev\server\src\main\java\com\genymobile\scrcpy\Size.java,com.genymobile.scrcpy.Size,hashCode/0,width,1
C:\QtScrcpy-dev\server\src\main\java\com\genymobile\scrcpy\Size.java,com.genymobile.scrcpy.Size,hashCode/0,height,1
C:\QtScrcpy-dev\server\src\main\java\com\genymobile\scrcpy\CleanUp.java,com.genymobile.scrcpy.CleanUp$Config,deserialize/1[byte[]],CREATOR,1
C:\QtScrcpy-dev\server\src\main\java\com\genymobile\scrcpy\CleanUp.java,com.genymobile.scrcpy.CleanUp$Config,Config/1[com.genymobile.scrcpy.Parcel],restoreNormalPowerMode,1
C:\QtScrcpy-dev\server\src\main\java\com\genymobile\scrcpy\CleanUp.java,com.genymobile.scrcpy.CleanUp$Config,Config/1[com.genymobile.scrcpy.Parcel],powerOffScreen,1
C:\QtScrcpy-dev\server\src\main\java\com\genymobile\scrcpy\CleanUp.java,com.genymobile.scrcpy.CleanUp$Config,Config/1[com.genymobile.scrcpy.Parcel],FLAG_DISABLE_SHOW_TOUCHES,1
C:\QtScrcpy-dev\server\src\main\java\com\genymobile\scrcpy\CleanUp.java,com.genymobile.scrcpy.CleanUp$Config,Config/1[com.genymobile.scrcpy.Parcel],FLAG_POWER_OFF_SCREEN,1
C:\QtScrcpy-dev\server\src\main\java\com\genymobile\scrcpy\CleanUp.java,com.genymobile.scrcpy.CleanUp$Config,Config/1[com.genymobile.scrcpy.Parcel],disableShowTouches,1
C:\QtScrcpy-dev\server\src\main\java\com\genymobile\scrcpy\CleanUp.java,com.genymobile.scrcpy.CleanUp$Config,Config/1[com.genymobile.scrcpy.Parcel],restoreStayOn,1
C:\QtScrcpy-dev\server\src\main\java\com\genymobile\scrcpy\CleanUp.java,com.genymobile.scrcpy.CleanUp$Config,Config/1[com.genymobile.scrcpy.Parcel],FLAG_RESTORE_NORMAL_POWER_MODE,1
C:\QtScrcpy-dev\server\src\main\java\com\genymobile\scrcpy\CleanUp.java,com.genymobile.scrcpy.CleanUp$Config,Config/1[com.genymobile.scrcpy.Parcel],displayId,1
C:\QtScrcpy-dev\server\src\main\java\com\genymobile\scrcpy\CleanUp.java,com.genymobile.scrcpy.CleanUp$Config,hasWork/0,restoreNormalPowerMode,1
C:\QtScrcpy-dev\server\src\main\java\com\genymobile\scrcpy\CleanUp.java,com.genymobile.scrcpy.CleanUp$Config,hasWork/0,powerOffScreen,1
C:\QtScrcpy-dev\server\src\main\java\com\genymobile\scrcpy\CleanUp.java,com.genymobile.scrcpy.CleanUp$Config,hasWork/0,disableShowTouches,1
C:\QtScrcpy-dev\server\src\main\java\com\genymobile\scrcpy\CleanUp.java,com.genymobile.scrcpy.CleanUp$Config,hasWork/0,restoreStayOn,1
C:\QtScrcpy-dev\server\src\main\java\com\genymobile\scrcpy\CleanUp.java,com.genymobile.scrcpy.CleanUp$Config,"writeToParcel/2[com.genymobile.scrcpy.Parcel,int]",restoreNormalPowerMode,1
C:\QtScrcpy-dev\server\src\main\java\com\genymobile\scrcpy\CleanUp.java,com.genymobile.scrcpy.CleanUp$Config,"writeToParcel/2[com.genymobile.scrcpy.Parcel,int]",powerOffScreen,1
C:\QtScrcpy-dev\server\src\main\java\com\genymobile\scrcpy\CleanUp.java,com.genymobile.scrcpy.CleanUp$Config,"writeToParcel/2[com.genymobile.scrcpy.Parcel,int]",FLAG_DISABLE_SHOW_TOUCHES,1
C:\QtScrcpy-dev\server\src\main\java\com\genymobile\scrcpy\CleanUp.java,com.genymobile.scrcpy.CleanUp$Config,"writeToParcel/2[com.genymobile.scrcpy.Parcel,int]",FLAG_POWER_OFF_SCREEN,1
C:\QtScrcpy-dev\server\src\main\java\com\genymobile\scrcpy\CleanUp.java,com.genymobile.scrcpy.CleanUp$Config,"writeToParcel/2[com.genymobile.scrcpy.Parcel,int]",disableShowTouches,1
C:\QtScrcpy-dev\server\src\main\java\com\genymobile\scrcpy\CleanUp.java,com.genymobile.scrcpy.CleanUp$Config,"writeToParcel/2[com.genymobile.scrcpy.Parcel,int]",restoreStayOn,1
C:\QtScrcpy-dev\server\src\main\java\com\genymobile\scrcpy\CleanUp.java,com.genymobile.scrcpy.CleanUp$Config,"writeToParcel/2[com.genymobile.scrcpy.Parcel,int]",FLAG_RESTORE_NORMAL_POWER_MODE,1
C:\QtScrcpy-dev\server\src\main\java\com\genymobile\scrcpy\CleanUp.java,com.genymobile.scrcpy.CleanUp$Config,"writeToParcel/2[com.genymobile.scrcpy.Parcel,int]",displayId,1
C:\QtScrcpy-dev\server\src\main\java\com\genymobile\scrcpy\Settings.java,com.genymobile.scrcpy.Settings,"getValue/2[java.lang.String,java.lang.String]",serviceManager,1
C:\QtScrcpy-dev\server\src\main\java\com\genymobile\scrcpy\Settings.java,com.genymobile.scrcpy.Settings,"getAndPutValue/3[java.lang.String,java.lang.String,java.lang.String]",serviceManager,1
C:\QtScrcpy-dev\server\src\main\java\com\genymobile\scrcpy\Settings.java,com.genymobile.scrcpy.Settings,Settings/1[com.genymobile.scrcpy.wrappers.ServiceManager],serviceManager,3
C:\QtScrcpy-dev\server\src\main\java\com\genymobile\scrcpy\Settings.java,com.genymobile.scrcpy.Settings,"putValue/3[java.lang.String,java.lang.String,java.lang.String]",serviceManager,1
C:\QtScrcpy-dev\server\src\main\java\com\genymobile\scrcpy\DisplayInfo.java,com.genymobile.scrcpy.DisplayInfo,getRotation/0,rotation,1
C:\QtScrcpy-dev\server\src\main\java\com\genymobile\scrcpy\DisplayInfo.java,com.genymobile.scrcpy.DisplayInfo,getLayerStack/0,layerStack,1
C:\QtScrcpy-dev\server\src\main\java\com\genymobile\scrcpy\DisplayInfo.java,com.genymobile.scrcpy.DisplayInfo,getDisplayId/0,displayId,1
C:\QtScrcpy-dev\server\src\main\java\com\genymobile\scrcpy\DisplayInfo.java,com.genymobile.scrcpy.DisplayInfo,"DisplayInfo/5[int,com.genymobile.scrcpy.Size,int,int,int]",size,3
C:\QtScrcpy-dev\server\src\main\java\com\genymobile\scrcpy\DisplayInfo.java,com.genymobile.scrcpy.DisplayInfo,"DisplayInfo/5[int,com.genymobile.scrcpy.Size,int,int,int]",rotation,3
C:\QtScrcpy-dev\server\src\main\java\com\genymobile\scrcpy\DisplayInfo.java,com.genymobile.scrcpy.DisplayInfo,"DisplayInfo/5[int,com.genymobile.scrcpy.Size,int,int,int]",flags,3
C:\QtScrcpy-dev\server\src\main\java\com\genymobile\scrcpy\DisplayInfo.java,com.genymobile.scrcpy.DisplayInfo,"DisplayInfo/5[int,com.genymobile.scrcpy.Size,int,int,int]",layerStack,3
C:\QtScrcpy-dev\server\src\main\java\com\genymobile\scrcpy\DisplayInfo.java,com.genymobile.scrcpy.DisplayInfo,"DisplayInfo/5[int,com.genymobile.scrcpy.Size,int,int,int]",displayId,3
C:\QtScrcpy-dev\server\src\main\java\com\genymobile\scrcpy\DisplayInfo.java,com.genymobile.scrcpy.DisplayInfo,getFlags/0,flags,1
C:\QtScrcpy-dev\server\src\main\java\com\genymobile\scrcpy\DisplayInfo.java,com.genymobile.scrcpy.DisplayInfo,getSize/0,size,1
C:\QtScrcpy-dev\server\src\main\java\com\genymobile\scrcpy\wrappers\ServiceManager.java,com.genymobile.scrcpy.wrappers.ServiceManager,"getService/2[java.lang.String,java.lang.String]",getServiceMethod,1
C:\QtScrcpy-dev\server\src\main\java\com\genymobile\scrcpy\wrappers\ServiceManager.java,com.genymobile.scrcpy.wrappers.ServiceManager,getPowerManager/0,powerManager,3
C:\QtScrcpy-dev\server\src\main\java\com\genymobile\scrcpy\wrappers\ServiceManager.java,com.genymobile.scrcpy.wrappers.ServiceManager,ServiceManager/0,getServiceMethod,1
C:\QtScrcpy-dev\server\src\main\java\com\genymobile\scrcpy\wrappers\ServiceManager.java,com.genymobile.scrcpy.wrappers.ServiceManager,getDisplayManager/0,displayManager,3
C:\QtScrcpy-dev\server\src\main\java\com\genymobile\scrcpy\wrappers\ServiceManager.java,com.genymobile.scrcpy.wrappers.ServiceManager,getStatusBarManager/0,statusBarManager,3
C:\QtScrcpy-dev\server\src\main\java\com\genymobile\scrcpy\wrappers\ServiceManager.java,com.genymobile.scrcpy.wrappers.ServiceManager,getWindowManager/0,windowManager,3
C:\QtScrcpy-dev\server\src\main\java\com\genymobile\scrcpy\wrappers\ServiceManager.java,com.genymobile.scrcpy.wrappers.ServiceManager,getInputManager/0,inputManager,3
C:\QtScrcpy-dev\server\src\main\java\com\genymobile\scrcpy\wrappers\ServiceManager.java,com.genymobile.scrcpy.wrappers.ServiceManager,getClipboardManager/0,clipboardManager,3
C:\QtScrcpy-dev\server\src\main\java\com\genymobile\scrcpy\wrappers\ServiceManager.java,com.genymobile.scrcpy.wrappers.ServiceManager,getActivityManager/0,activityManager,3
C:\QtScrcpy-dev\server\src\main\java\com\genymobile\scrcpy\CodecOption.java,com.genymobile.scrcpy.CodecOption,getKey/0,key,1
C:\QtScrcpy-dev\server\src\main\java\com\genymobile\scrcpy\CodecOption.java,com.genymobile.scrcpy.CodecOption,getValue/0,value,1
C:\QtScrcpy-dev\server\src\main\java\com\genymobile\scrcpy\CodecOption.java,com.genymobile.scrcpy.CodecOption,"CodecOption/2[java.lang.String,java.lang.Object]",value,3
C:\QtScrcpy-dev\server\src\main\java\com\genymobile\scrcpy\CodecOption.java,com.genymobile.scrcpy.CodecOption,"CodecOption/2[java.lang.String,java.lang.Object]",key,3
C:\QtScrcpy-dev\server\src\main\java\com\genymobile\scrcpy\wrappers\InputManager.java,com.genymobile.scrcpy.wrappers.InputManager,InputManager/1[android.hardware.input.InputManager],manager,3
C:\QtScrcpy-dev\server\src\main\java\com\genymobile\scrcpy\wrappers\InputManager.java,com.genymobile.scrcpy.wrappers.InputManager,getInjectInputEventMethod/0,manager,1
C:\QtScrcpy-dev\server\src\main\java\com\genymobile\scrcpy\wrappers\InputManager.java,com.genymobile.scrcpy.wrappers.InputManager,getInjectInputEventMethod/0,injectInputEventMethod,3
C:\QtScrcpy-dev\server\src\main\java\com\genymobile\scrcpy\wrappers\InputManager.java,com.genymobile.scrcpy.wrappers.InputManager,"injectInputEvent/2[com.genymobile.scrcpy.wrappers.InputEvent,int]",manager,1
C:\QtScrcpy-dev\server\src\main\java\com\genymobile\scrcpy\wrappers\InputManager.java,com.genymobile.scrcpy.wrappers.InputManager,getSetDisplayIdMethod/0,setDisplayIdMethod,3
C:\QtScrcpy-dev\server\src\main\java\com\genymobile\scrcpy\DeviceMessageWriter.java,com.genymobile.scrcpy.DeviceMessageWriter,"writeTo/2[com.genymobile.scrcpy.DeviceMessage,java.io.OutputStream]",rawBuffer,2
C:\QtScrcpy-dev\server\src\main\java\com\genymobile\scrcpy\DeviceMessageWriter.java,com.genymobile.scrcpy.DeviceMessageWriter,"writeTo/2[com.genymobile.scrcpy.DeviceMessage,java.io.OutputStream]",CLIPBOARD_TEXT_MAX_LENGTH,1
C:\QtScrcpy-dev\server\src\main\java\com\genymobile\scrcpy\DeviceMessageWriter.java,com.genymobile.scrcpy.DeviceMessageWriter,"writeTo/2[com.genymobile.scrcpy.DeviceMessage,java.io.OutputStream]",buffer,7
C:\QtScrcpy-dev\server\src\main\java\com\genymobile\scrcpy\InvalidEncoderException.java,com.genymobile.scrcpy.InvalidEncoderException,"InvalidEncoderException/2[java.lang.String,com.genymobile.scrcpy.MediaCodecInfo[]]",name,4
C:\QtScrcpy-dev\server\src\main\java\com\genymobile\scrcpy\InvalidEncoderException.java,com.genymobile.scrcpy.InvalidEncoderException,"InvalidEncoderException/2[java.lang.String,com.genymobile.scrcpy.MediaCodecInfo[]]",availableEncoders,3
C:\QtScrcpy-dev\server\src\main\java\com\genymobile\scrcpy\InvalidEncoderException.java,com.genymobile.scrcpy.InvalidEncoderException,getName/0,name,1
C:\QtScrcpy-dev\server\src\main\java\com\genymobile\scrcpy\InvalidEncoderException.java,com.genymobile.scrcpy.InvalidEncoderException,getAvailableEncoders/0,availableEncoders,1
C:\QtScrcpy-dev\server\src\main\java\com\genymobile\scrcpy\wrappers\PowerManager.java,com.genymobile.scrcpy.wrappers.PowerManager,PowerManager/1[com.genymobile.scrcpy.wrappers.IInterface],manager,3
C:\QtScrcpy-dev\server\src\main\java\com\genymobile\scrcpy\wrappers\PowerManager.java,com.genymobile.scrcpy.wrappers.PowerManager,isScreenOn/0,manager,1
C:\QtScrcpy-dev\server\src\main\java\com\genymobile\scrcpy\wrappers\PowerManager.java,com.genymobile.scrcpy.wrappers.PowerManager,getIsScreenOnMethod/0,isScreenOnMethod,3
C:\QtScrcpy-dev\server\src\main\java\com\genymobile\scrcpy\wrappers\PowerManager.java,com.genymobile.scrcpy.wrappers.PowerManager,getIsScreenOnMethod/0,manager,1
C:\QtScrcpy-dev\server\src\main\java\com\genymobile\scrcpy\Controller.java,com.genymobile.scrcpy.Controller,"Controller/4[com.genymobile.scrcpy.Device,com.genymobile.scrcpy.DesktopConnection,boolean,boolean]",clipboardAutosync,3
C:\QtScrcpy-dev\server\src\main\java\com\genymobile\scrcpy\Controller.java,com.genymobile.scrcpy.Controller,"Controller/4[com.genymobile.scrcpy.Device,com.genymobile.scrcpy.DesktopConnection,boolean,boolean]",powerOn,3
C:\QtScrcpy-dev\server\src\main\java\com\genymobile\scrcpy\Controller.java,com.genymobile.scrcpy.Controller,"Controller/4[com.genymobile.scrcpy.Device,com.genymobile.scrcpy.DesktopConnection,boolean,boolean]",sender,1
C:\QtScrcpy-dev\server\src\main\java\com\genymobile\scrcpy\Controller.java,com.genymobile.scrcpy.Controller,"Controller/4[com.genymobile.scrcpy.Device,com.genymobile.scrcpy.DesktopConnection,boolean,boolean]",connection,4
C:\QtScrcpy-dev\server\src\main\java\com\genymobile\scrcpy\Controller.java,com.genymobile.scrcpy.Controller,"Controller/4[com.genymobile.scrcpy.Device,com.genymobile.scrcpy.DesktopConnection,boolean,boolean]",device,3
C:\QtScrcpy-dev\server\src\main\java\com\genymobile\scrcpy\Controller.java,com.genymobile.scrcpy.Controller,control/0,powerOn,1
C:\QtScrcpy-dev\server\src\main\java\com\genymobile\scrcpy\Controller.java,com.genymobile.scrcpy.Controller,control/0,device,1
C:\QtScrcpy-dev\server\src\main\java\com\genymobile\scrcpy\Controller.java,com.genymobile.scrcpy.Controller,"injectKeycode/4[int,int,int,int]",keepPowerModeOff,1
C:\QtScrcpy-dev\server\src\main\java\com\genymobile\scrcpy\Controller.java,com.genymobile.scrcpy.Controller,"injectKeycode/4[int,int,int,int]",device,1
C:\QtScrcpy-dev\server\src\main\java\com\genymobile\scrcpy\Controller.java,com.genymobile.scrcpy.Controller,pressBackOrTurnScreenOn/1[int],keepPowerModeOff,1
C:\QtScrcpy-dev\server\src\main\java\com\genymobile\scrcpy\Controller.java,com.genymobile.scrcpy.Controller,pressBackOrTurnScreenOn/1[int],device,2
C:\QtScrcpy-dev\server\src\main\java\com\genymobile\scrcpy\Controller.java,com.genymobile.scrcpy.Controller,handleEvent/0,keepPowerModeOff,1
C:\QtScrcpy-dev\server\src\main\java\com\genymobile\scrcpy\Controller.java,com.genymobile.scrcpy.Controller,handleEvent/0,connection,1
C:\QtScrcpy-dev\server\src\main\java\com\genymobile\scrcpy\Controller.java,com.genymobile.scrcpy.Controller,handleEvent/0,device,6
C:\QtScrcpy-dev\server\src\main\java\com\genymobile\scrcpy\Controller.java,com.genymobile.scrcpy.Controller,getSender/0,sender,1
C:\QtScrcpy-dev\server\src\main\java\com\genymobile\scrcpy\Controller.java,com.genymobile.scrcpy.Controller,injectChar/1[char],charMap,1
C:\QtScrcpy-dev\server\src\main\java\com\genymobile\scrcpy\Controller.java,com.genymobile.scrcpy.Controller,injectChar/1[char],device,1
C:\QtScrcpy-dev\server\src\main\java\com\genymobile\scrcpy\Controller.java,com.genymobile.scrcpy.Controller,initPointers/0,pointerCoords,1
C:\QtScrcpy-dev\server\src\main\java\com\genymobile\scrcpy\Controller.java,com.genymobile.scrcpy.Controller,initPointers/0,pointerProperties,1
C:\QtScrcpy-dev\server\src\main\java\com\genymobile\scrcpy\Controller.java,com.genymobile.scrcpy.Controller,"injectScroll/4[com.genymobile.scrcpy.Position,int,int,int]",pointerCoords,2
C:\QtScrcpy-dev\server\src\main\java\com\genymobile\scrcpy\Controller.java,com.genymobile.scrcpy.Controller,"injectScroll/4[com.genymobile.scrcpy.Position,int,int,int]",DEFAULT_DEVICE_ID,1
C:\QtScrcpy-dev\server\src\main\java\com\genymobile\scrcpy\Controller.java,com.genymobile.scrcpy.Controller,"injectScroll/4[com.genymobile.scrcpy.Position,int,int,int]",pointerProperties,2
C:\QtScrcpy-dev\server\src\main\java\com\genymobile\scrcpy\Controller.java,com.genymobile.scrcpy.Controller,"injectScroll/4[com.genymobile.scrcpy.Position,int,int,int]",lastTouchDown,1
C:\QtScrcpy-dev\server\src\main\java\com\genymobile\scrcpy\Controller.java,com.genymobile.scrcpy.Controller,"injectScroll/4[com.genymobile.scrcpy.Position,int,int,int]",device,2
C:\QtScrcpy-dev\server\src\main\java\com\genymobile\scrcpy\Controller.java,com.genymobile.scrcpy.Controller,"injectTouch/5[int,long,com.genymobile.scrcpy.Position,float,int]",pointersState,3
C:\QtScrcpy-dev\server\src\main\java\com\genymobile\scrcpy\Controller.java,com.genymobile.scrcpy.Controller,"injectTouch/5[int,long,com.genymobile.scrcpy.Position,float,int]",pointerCoords,2
C:\QtScrcpy-dev\server\src\main\java\com\genymobile\scrcpy\Controller.java,com.genymobile.scrcpy.Controller,"injectTouch/5[int,long,com.genymobile.scrcpy.Position,float,int]",DEFAULT_DEVICE_ID,1
C:\QtScrcpy-dev\server\src\main\java\com\genymobile\scrcpy\Controller.java,com.genymobile.scrcpy.Controller,"injectTouch/5[int,long,com.genymobile.scrcpy.Position,float,int]",pointerProperties,2
C:\QtScrcpy-dev\server\src\main\java\com\genymobile\scrcpy\Controller.java,com.genymobile.scrcpy.Controller,"injectTouch/5[int,long,com.genymobile.scrcpy.Position,float,int]",lastTouchDown,2
C:\QtScrcpy-dev\server\src\main\java\com\genymobile\scrcpy\Controller.java,com.genymobile.scrcpy.Controller,"injectTouch/5[int,long,com.genymobile.scrcpy.Position,float,int]",device,2
C:\QtScrcpy-dev\server\src\main\java\com\genymobile\scrcpy\Controller.java,com.genymobile.scrcpy.Controller,schedulePowerModeOff/0,EXECUTOR,1
C:\QtScrcpy-dev\server\src\main\java\com\genymobile\scrcpy\Controller.java,com.genymobile.scrcpy.Controller,getClipboard/1[int],clipboardAutosync,1
C:\QtScrcpy-dev\server\src\main\java\com\genymobile\scrcpy\Controller.java,com.genymobile.scrcpy.Controller,getClipboard/1[int],sender,1
C:\QtScrcpy-dev\server\src\main\java\com\genymobile\scrcpy\Controller.java,com.genymobile.scrcpy.Controller,getClipboard/1[int],device,2
C:\QtScrcpy-dev\server\src\main\java\com\genymobile\scrcpy\Controller.java,com.genymobile.scrcpy.Controller,"setClipboard/3[java.lang.String,boolean,long]",sender,1
C:\QtScrcpy-dev\server\src\main\java\com\genymobile\scrcpy\Controller.java,com.genymobile.scrcpy.Controller,"setClipboard/3[java.lang.String,boolean,long]",device,3
C:\QtScrcpy-dev\server\src\main\java\com\genymobile\scrcpy\wrappers\ClipboardManager.java,com.genymobile.scrcpy.wrappers.ClipboardManager,getText/0,manager,1
C:\QtScrcpy-dev\server\src\main\java\com\genymobile\scrcpy\wrappers\ClipboardManager.java,com.genymobile.scrcpy.wrappers.ClipboardManager,ClipboardManager/1[com.genymobile.scrcpy.wrappers.IInterface],manager,3
C:\QtScrcpy-dev\server\src\main\java\com\genymobile\scrcpy\wrappers\ClipboardManager.java,com.genymobile.scrcpy.wrappers.ClipboardManager,"getPrimaryClip/2[java.lang.reflect.Method,com.genymobile.scrcpy.wrappers.IInterface]",manager,3
C:\QtScrcpy-dev\server\src\main\java\com\genymobile\scrcpy\wrappers\ClipboardManager.java,com.genymobile.scrcpy.wrappers.ClipboardManager,"addPrimaryClipChangedListener/3[java.lang.reflect.Method,com.genymobile.scrcpy.wrappers.IInterface,com.genymobile.scrcpy.wrappers.IOnPrimaryClipChangedListener]",manager,3
C:\QtScrcpy-dev\server\src\main\java\com\genymobile\scrcpy\wrappers\ClipboardManager.java,com.genymobile.scrcpy.wrappers.ClipboardManager,"addPrimaryClipChangedListener/3[java.lang.reflect.Method,com.genymobile.scrcpy.wrappers.IInterface,com.genymobile.scrcpy.wrappers.IOnPrimaryClipChangedListener]",addPrimaryClipChangedListener,1
C:\QtScrcpy-dev\server\src\main\java\com\genymobile\scrcpy\wrappers\ClipboardManager.java,com.genymobile.scrcpy.wrappers.ClipboardManager,setText/1[java.lang.CharSequence],manager,1
C:\QtScrcpy-dev\server\src\main\java\com\genymobile\scrcpy\wrappers\ClipboardManager.java,com.genymobile.scrcpy.wrappers.ClipboardManager,getGetPrimaryClipMethod/0,manager,2
C:\QtScrcpy-dev\server\src\main\java\com\genymobile\scrcpy\wrappers\ClipboardManager.java,com.genymobile.scrcpy.wrappers.ClipboardManager,getGetPrimaryClipMethod/0,getPrimaryClipMethod,4
C:\QtScrcpy-dev\server\src\main\java\com\genymobile\scrcpy\wrappers\ClipboardManager.java,com.genymobile.scrcpy.wrappers.ClipboardManager,getSetPrimaryClipMethod/0,manager,2
C:\QtScrcpy-dev\server\src\main\java\com\genymobile\scrcpy\wrappers\ClipboardManager.java,com.genymobile.scrcpy.wrappers.ClipboardManager,getSetPrimaryClipMethod/0,setPrimaryClipMethod,4
C:\QtScrcpy-dev\server\src\main\java\com\genymobile\scrcpy\wrappers\ClipboardManager.java,com.genymobile.scrcpy.wrappers.ClipboardManager,addPrimaryClipChangedListener/1[com.genymobile.scrcpy.wrappers.IOnPrimaryClipChangedListener],manager,1
C:\QtScrcpy-dev\server\src\main\java\com\genymobile\scrcpy\wrappers\ClipboardManager.java,com.genymobile.scrcpy.wrappers.ClipboardManager,addPrimaryClipChangedListener/1[com.genymobile.scrcpy.wrappers.IOnPrimaryClipChangedListener],addPrimaryClipChangedListener,2
C:\QtScrcpy-dev\server\src\main\java\com\genymobile\scrcpy\wrappers\ClipboardManager.java,com.genymobile.scrcpy.wrappers.ClipboardManager,"setPrimaryClip/3[java.lang.reflect.Method,com.genymobile.scrcpy.wrappers.IInterface,com.genymobile.scrcpy.wrappers.ClipData]",manager,3
C:\QtScrcpy-dev\server\src\main\java\com\genymobile\scrcpy\wrappers\ClipboardManager.java,com.genymobile.scrcpy.wrappers.ClipboardManager,getAddPrimaryClipChangedListener/0,manager,2
C:\QtScrcpy-dev\server\src\main\java\com\genymobile\scrcpy\wrappers\ClipboardManager.java,com.genymobile.scrcpy.wrappers.ClipboardManager,getAddPrimaryClipChangedListener/0,addPrimaryClipChangedListener,4
C:\QtScrcpy-dev\server\src\main\java\com\genymobile\scrcpy\ControlMessageReader.java,com.genymobile.scrcpy.ControlMessageReader,parseGetClipboard/0,GET_CLIPBOARD_LENGTH,1
C:\QtScrcpy-dev\server\src\main\java\com\genymobile\scrcpy\ControlMessageReader.java,com.genymobile.scrcpy.ControlMessageReader,parseGetClipboard/0,buffer,2
C:\QtScrcpy-dev\server\src\main\java\com\genymobile\scrcpy\ControlMessageReader.java,com.genymobile.scrcpy.ControlMessageReader,parseInjectKeycode/0,buffer,5
C:\QtScrcpy-dev\server\src\main\java\com\genymobile\scrcpy\ControlMessageReader.java,com.genymobile.scrcpy.ControlMessageReader,parseInjectKeycode/0,INJECT_KEYCODE_PAYLOAD_LENGTH,1
C:\QtScrcpy-dev\server\src\main\java\com\genymobile\scrcpy\ControlMessageReader.java,com.genymobile.scrcpy.ControlMessageReader,parseString/0,rawBuffer,1
C:\QtScrcpy-dev\server\src\main\java\com\genymobile\scrcpy\ControlMessageReader.java,com.genymobile.scrcpy.ControlMessageReader,parseString/0,buffer,5
C:\QtScrcpy-dev\server\src\main\java\com\genymobile\scrcpy\ControlMessageReader.java,com.genymobile.scrcpy.ControlMessageReader,next/0,buffer,4
C:\QtScrcpy-dev\server\src\main\java\com\genymobile\scrcpy\ControlMessageReader.java,com.genymobile.scrcpy.ControlMessageReader,parseInjectTouchEvent/0,buffer,6
C:\QtScrcpy-dev\server\src\main\java\com\genymobile\scrcpy\ControlMessageReader.java,com.genymobile.scrcpy.ControlMessageReader,parseInjectTouchEvent/0,INJECT_TOUCH_EVENT_PAYLOAD_LENGTH,1
C:\QtScrcpy-dev\server\src\main\java\com\genymobile\scrcpy\ControlMessageReader.java,com.genymobile.scrcpy.ControlMessageReader,isFull/0,buffer,1
C:\QtScrcpy-dev\server\src\main\java\com\genymobile\scrcpy\ControlMessageReader.java,com.genymobile.scrcpy.ControlMessageReader,readFrom/1[java.io.InputStream],rawBuffer,1
C:\QtScrcpy-dev\server\src\main\java\com\genymobile\scrcpy\ControlMessageReader.java,com.genymobile.scrcpy.ControlMessageReader,readFrom/1[java.io.InputStream],buffer,4
C:\QtScrcpy-dev\server\src\main\java\com\genymobile\scrcpy\ControlMessageReader.java,com.genymobile.scrcpy.ControlMessageReader,parseSetScreenPowerMode/0,buffer,2
C:\QtScrcpy-dev\server\src\main\java\com\genymobile\scrcpy\ControlMessageReader.java,com.genymobile.scrcpy.ControlMessageReader,parseSetScreenPowerMode/0,SET_SCREEN_POWER_MODE_PAYLOAD_LENGTH,1
C:\QtScrcpy-dev\server\src\main\java\com\genymobile\scrcpy\ControlMessageReader.java,com.genymobile.scrcpy.ControlMessageReader,parseInjectScrollEvent/0,INJECT_SCROLL_EVENT_PAYLOAD_LENGTH,1
C:\QtScrcpy-dev\server\src\main\java\com\genymobile\scrcpy\ControlMessageReader.java,com.genymobile.scrcpy.ControlMessageReader,parseInjectScrollEvent/0,buffer,5
C:\QtScrcpy-dev\server\src\main\java\com\genymobile\scrcpy\ControlMessageReader.java,com.genymobile.scrcpy.ControlMessageReader,parseSetClipboard/0,SET_CLIPBOARD_FIXED_PAYLOAD_LENGTH,1
C:\QtScrcpy-dev\server\src\main\java\com\genymobile\scrcpy\ControlMessageReader.java,com.genymobile.scrcpy.ControlMessageReader,parseSetClipboard/0,buffer,3
C:\QtScrcpy-dev\server\src\main\java\com\genymobile\scrcpy\ControlMessageReader.java,com.genymobile.scrcpy.ControlMessageReader,ControlMessageReader/0,buffer,1
C:\QtScrcpy-dev\server\src\main\java\com\genymobile\scrcpy\ControlMessageReader.java,com.genymobile.scrcpy.ControlMessageReader,readPosition/1[java.nio.ByteBuffer],buffer,5
C:\QtScrcpy-dev\server\src\main\java\com\genymobile\scrcpy\ControlMessageReader.java,com.genymobile.scrcpy.ControlMessageReader,parseBackOrScreenOnEvent/0,BACK_OR_SCREEN_ON_LENGTH,1
C:\QtScrcpy-dev\server\src\main\java\com\genymobile\scrcpy\ControlMessageReader.java,com.genymobile.scrcpy.ControlMessageReader,parseBackOrScreenOnEvent/0,buffer,2
C:\QtScrcpy-dev\server\src\main\java\com\genymobile\scrcpy\wrappers\WindowManager.java,com.genymobile.scrcpy.wrappers.WindowManager,getIsRotationFrozenMethod/0,isRotationFrozenMethod,3
C:\QtScrcpy-dev\server\src\main\java\com\genymobile\scrcpy\wrappers\WindowManager.java,com.genymobile.scrcpy.wrappers.WindowManager,getIsRotationFrozenMethod/0,manager,1
C:\QtScrcpy-dev\server\src\main\java\com\genymobile\scrcpy\wrappers\WindowManager.java,com.genymobile.scrcpy.wrappers.WindowManager,WindowManager/1[com.genymobile.scrcpy.wrappers.IInterface],manager,3
C:\QtScrcpy-dev\server\src\main\java\com\genymobile\scrcpy\wrappers\WindowManager.java,com.genymobile.scrcpy.wrappers.WindowManager,thawRotation/0,manager,1
C:\QtScrcpy-dev\server\src\main\java\com\genymobile\scrcpy\wrappers\WindowManager.java,com.genymobile.scrcpy.wrappers.WindowManager,"registerRotationWatcher/2[com.genymobile.scrcpy.wrappers.IRotationWatcher,int]",manager,3
C:\QtScrcpy-dev\server\src\main\java\com\genymobile\scrcpy\wrappers\WindowManager.java,com.genymobile.scrcpy.wrappers.WindowManager,getGetRotationMethod/0,getRotationMethod,4
C:\QtScrcpy-dev\server\src\main\java\com\genymobile\scrcpy\wrappers\WindowManager.java,com.genymobile.scrcpy.wrappers.WindowManager,getGetRotationMethod/0,manager,1
C:\QtScrcpy-dev\server\src\main\java\com\genymobile\scrcpy\wrappers\WindowManager.java,com.genymobile.scrcpy.wrappers.WindowManager,getThawRotationMethod/0,manager,1
C:\QtScrcpy-dev\server\src\main\java\com\genymobile\scrcpy\wrappers\WindowManager.java,com.genymobile.scrcpy.wrappers.WindowManager,getThawRotationMethod/0,thawRotationMethod,3
C:\QtScrcpy-dev\server\src\main\java\com\genymobile\scrcpy\wrappers\WindowManager.java,com.genymobile.scrcpy.wrappers.WindowManager,isRotationFrozen/0,manager,1
C:\QtScrcpy-dev\server\src\main\java\com\genymobile\scrcpy\wrappers\WindowManager.java,com.genymobile.scrcpy.wrappers.WindowManager,getRotation/0,manager,1
C:\QtScrcpy-dev\server\src\main\java\com\genymobile\scrcpy\wrappers\WindowManager.java,com.genymobile.scrcpy.wrappers.WindowManager,getFreezeRotationMethod/0,freezeRotationMethod,3
C:\QtScrcpy-dev\server\src\main\java\com\genymobile\scrcpy\wrappers\WindowManager.java,com.genymobile.scrcpy.wrappers.WindowManager,getFreezeRotationMethod/0,manager,1
C:\QtScrcpy-dev\server\src\main\java\com\genymobile\scrcpy\wrappers\WindowManager.java,com.genymobile.scrcpy.wrappers.WindowManager,freezeRotation/1[int],manager,1
