file,class,method,constructor,line,cbo,cboModified,fanin,fanout,wmc,rfc,loc,returnsQty,variablesQty,parametersQty,methodsInvokedQty,methodsInvokedLocalQty,methodsInvokedIndirectLocalQty,loopQty,comparisonsQty,tryCatchQty,parenthesizedExpsQty,stringLiteralsQty,numbersQty,assignmentsQty,mathOperationsQty,maxNestedBlocksQty,anonymousClassesQty,innerClassesQty,lambdasQty,uniqueWordsQty,modifiers,logStatementsQty,hasJavaDoc
C:\QtScrcpy-dev\server\src\test\java\com\genymobile\scrcpy\StringUtilsTest.java,com.genymobile.scrcpy.StringUtilsTest,testUtf8Truncate/0,false,11,3,1,0,1,1,3,22,0,3,0,3,0,0,0,0,0,0,1,17,10,0,0,0,0,0,6,1,0,false
C:\QtScrcpy-dev\server\src\main\java\com\genymobile\scrcpy\Workarounds.java,com.genymobile.scrcpy.Workarounds,prepareMainLooper/0,false,20,0,1,1,0,1,1,3,0,0,0,1,0,0,0,0,0,0,1,0,0,0,0,0,0,0,3,9,0,false
C:\QtScrcpy-dev\server\src\main\java\com\genymobile\scrcpy\Workarounds.java,com.genymobile.scrcpy.Workarounds,fillAppInfo/0,false,33,5,2,1,1,2,12,32,0,14,0,12,0,0,0,0,1,0,10,0,15,1,1,0,0,0,29,9,0,false
C:\QtScrcpy-dev\server\src\main\java\com\genymobile\scrcpy\Workarounds.java,com.genymobile.scrcpy.Workarounds,Workarounds/0,true,15,0,0,0,0,1,0,2,0,0,0,0,0,0,0,0,0,0,0,0,0,0,0,0,0,0,1,2,0,false
C:\QtScrcpy-dev\server\src\main\java\com\genymobile\scrcpy\Device.java,com.genymobile.scrcpy.Device,expandNotificationPanel/0,false,234,2,3,1,2,1,2,3,0,0,0,2,0,0,0,0,0,0,0,0,0,0,0,0,0,0,3,9,0,false
C:\QtScrcpy-dev\server\src\main\java\com\genymobile\scrcpy\Device.java,com.genymobile.scrcpy.Device,getDeviceName/0,false,174,0,1,1,0,1,0,3,1,0,0,0,0,0,0,0,0,0,0,0,0,0,0,0,0,0,3,9,0,false
C:\QtScrcpy-dev\server\src\main\java\com\genymobile\scrcpy\Device.java,com.genymobile.scrcpy.Device,setScreenPowerMode/1[int],false,282,3,6,3,3,2,3,8,2,1,1,3,0,0,0,1,0,0,1,0,1,0,1,0,0,0,26,9,0,true
C:\QtScrcpy-dev\server\src\main\java\com\genymobile\scrcpy\Device.java,com.genymobile.scrcpy.Device,"injectEvent/2[com.genymobile.scrcpy.InputEvent,int]",false,198,2,4,3,1,1,1,3,1,0,2,1,1,2,0,0,0,0,0,0,0,0,0,0,0,0,4,1,0,false
C:\QtScrcpy-dev\server\src\main\java\com\genymobile\scrcpy\Device.java,com.genymobile.scrcpy.Device,Device/1[com.genymobile.scrcpy.Options],true,67,12,21,1,20,10,19,57,0,4,1,19,0,0,0,4,0,1,3,2,12,0,2,2,0,0,72,1,0,false
C:\QtScrcpy-dev\server\src\main\java\com\genymobile\scrcpy\Device.java,com.genymobile.scrcpy.Device,getLayerStack/0,false,145,0,1,1,0,1,0,3,1,0,0,0,0,0,0,0,0,0,0,0,0,0,0,0,0,0,4,1,0,false
C:\QtScrcpy-dev\server\src\main\java\com\genymobile\scrcpy\Device.java,com.genymobile.scrcpy.Device,"injectKeyEvent/6[int,int,int,int,int,int]",false,202,2,3,2,1,1,2,5,1,2,6,2,1,2,0,0,0,0,0,2,2,0,0,0,0,0,6,9,0,false
C:\QtScrcpy-dev\server\src\main\java\com\genymobile\scrcpy\Device.java,com.genymobile.scrcpy.Device,setClipboardText/1[java.lang.String],false,258,3,4,1,3,4,5,14,3,3,1,5,1,1,0,2,0,0,0,0,3,0,1,0,0,0,12,1,0,false
C:\QtScrcpy-dev\server\src\main\java\com\genymobile\scrcpy\Device.java,com.genymobile.scrcpy.Device,"injectEvent/3[com.genymobile.scrcpy.InputEvent,int,int]",false,186,4,6,2,4,4,4,9,2,0,3,4,1,1,0,1,0,0,1,1,0,0,1,0,0,0,14,9,0,false
C:\QtScrcpy-dev\server\src\main\java\com\genymobile\scrcpy\Device.java,com.genymobile.scrcpy.Device,setMaxSize/1[int],false,136,1,3,1,2,1,2,4,0,0,1,2,0,0,0,0,0,0,0,0,2,0,0,0,0,0,7,33,0,false
C:\QtScrcpy-dev\server\src\main\java\com\genymobile\scrcpy\Device.java,com.genymobile.scrcpy.Device,"pressReleaseKeycode/2[int,int]",false,218,1,5,4,1,1,1,3,1,0,2,1,1,4,0,0,0,0,0,0,0,0,0,0,0,0,5,1,0,false
C:\QtScrcpy-dev\server\src\main\java\com\genymobile\scrcpy\Device.java,com.genymobile.scrcpy.Device,getClipboardText/0,false,246,2,5,3,2,3,3,11,3,2,0,3,0,0,0,2,0,0,0,0,2,0,1,0,0,0,9,9,0,false
C:\QtScrcpy-dev\server\src\main\java\com\genymobile\scrcpy\Device.java,com.genymobile.scrcpy.Device,getSettings/0,false,319,1,1,1,0,1,0,3,1,0,0,0,0,0,0,0,0,0,0,0,0,0,0,0,0,0,8,9,0,false
C:\QtScrcpy-dev\server\src\main\java\com\genymobile\scrcpy\Device.java,com.genymobile.scrcpy.Device,setClipboardListener/1[com.genymobile.scrcpy.Device.ClipboardListener],false,230,1,1,1,0,1,0,3,0,0,1,0,0,0,0,0,0,0,0,0,1,0,0,0,0,0,4,33,0,false
C:\QtScrcpy-dev\server\src\main\java\com\genymobile\scrcpy\Device.java,com.genymobile.scrcpy.Device,powerOffScreen/1[int],false,291,1,3,1,2,2,2,6,2,0,1,2,2,4,0,0,0,0,0,0,0,0,1,0,0,0,11,9,0,false
C:\QtScrcpy-dev\server\src\main\java\com\genymobile\scrcpy\Device.java,com.genymobile.scrcpy.Device,"injectKeyEvent/5[int,int,int,int,int]",false,209,1,3,2,1,1,1,3,1,0,5,1,1,3,0,0,0,0,0,0,0,0,0,0,0,0,4,1,0,false
C:\QtScrcpy-dev\server\src\main\java\com\genymobile\scrcpy\Device.java,com.genymobile.scrcpy.Device,supportsInputEvents/0,false,182,0,3,3,0,1,0,3,1,0,0,0,0,0,0,0,0,0,0,0,0,0,0,0,0,0,3,1,0,false
C:\QtScrcpy-dev\server\src\main\java\com\genymobile\scrcpy\Device.java,com.genymobile.scrcpy.Device,getPhysicalPoint/1[com.genymobile.scrcpy.Position],false,149,6,15,2,13,2,14,15,2,9,1,14,1,1,0,0,0,0,1,0,9,6,1,0,0,0,22,1,0,false
C:\QtScrcpy-dev\server\src\main\java\com\genymobile\scrcpy\Device.java,com.genymobile.scrcpy.Device,rotateDevice/0,false,301,3,7,1,6,3,6,12,0,5,0,6,0,0,0,1,0,1,3,3,5,1,1,0,0,0,22,9,0,true
C:\QtScrcpy-dev\server\src\main\java\com\genymobile\scrcpy\Device.java,com.genymobile.scrcpy.Device,setRotationListener/1[com.genymobile.scrcpy.Device.RotationListener],false,226,1,1,1,0,1,0,3,0,0,1,0,0,0,0,0,0,0,0,0,1,0,0,0,0,0,4,33,0,false
C:\QtScrcpy-dev\server\src\main\java\com\genymobile\scrcpy\Device.java,com.genymobile.scrcpy.Device,supportsInputEvents/1[int],false,178,0,1,1,0,3,0,3,1,0,1,0,0,0,0,1,0,0,0,1,0,0,0,0,0,0,5,9,0,false
C:\QtScrcpy-dev\server\src\main\java\com\genymobile\scrcpy\Device.java,com.genymobile.scrcpy.Device,getScreenInfo/0,false,141,1,3,3,0,1,0,3,1,0,0,0,0,0,0,0,0,0,0,0,0,0,0,0,0,0,4,33,0,false
C:\QtScrcpy-dev\server\src\main\java\com\genymobile\scrcpy\Device.java,com.genymobile.scrcpy.Device,expandSettingsPanel/0,false,238,2,3,1,2,1,2,3,0,0,0,2,0,0,0,0,0,0,0,0,0,0,0,0,0,0,3,9,0,false
C:\QtScrcpy-dev\server\src\main\java\com\genymobile\scrcpy\Device.java,com.genymobile.scrcpy.Device,"pressReleaseKeycode/3[int,int,int]",false,213,1,3,2,1,1,1,3,1,0,3,1,1,3,0,0,0,0,0,4,0,0,0,0,0,0,7,9,0,false
C:\QtScrcpy-dev\server\src\main\java\com\genymobile\scrcpy\Device.java,com.genymobile.scrcpy.Device,isScreenOn/0,false,222,2,6,4,2,1,2,3,1,0,0,2,0,0,0,0,0,0,0,0,0,0,0,0,0,0,3,9,0,false
C:\QtScrcpy-dev\server\src\main\java\com\genymobile\scrcpy\Device.java,com.genymobile.scrcpy.Device,collapsePanels/0,false,242,2,3,1,2,1,2,3,0,0,0,2,0,0,0,0,0,0,0,0,0,0,0,0,0,0,2,9,0,false
C:\QtScrcpy-dev\server\src\main\java\com\genymobile\scrcpy\StringUtils.java,com.genymobile.scrcpy.StringUtils,"getUtf8TruncationIndex/2[byte[],int]",false,8,1,3,3,0,6,0,11,2,1,2,0,0,0,1,2,0,2,0,4,2,0,1,0,0,0,9,9,0,false
C:\QtScrcpy-dev\server\src\main\java\com\genymobile\scrcpy\StringUtils.java,com.genymobile.scrcpy.StringUtils,StringUtils/0,true,4,0,0,0,0,1,0,2,0,0,0,0,0,0,0,0,0,0,0,0,0,0,0,0,0,0,2,2,0,false
C:\QtScrcpy-dev\server\src\main\java\com\genymobile\scrcpy\wrappers\ContentProvider.java,com.genymobile.scrcpy.wrappers.ContentProvider,getPutMethod/1[java.lang.String],false,134,0,1,1,0,4,0,12,3,0,1,0,0,0,0,0,0,0,1,0,0,1,1,0,0,0,24,10,0,false
C:\QtScrcpy-dev\server\src\main\java\com\genymobile\scrcpy\wrappers\ContentProvider.java,com.genymobile.scrcpy.wrappers.ContentProvider,"ContentProvider/4[com.genymobile.scrcpy.wrappers.ActivityManager,java.lang.Object,java.lang.String,com.genymobile.scrcpy.wrappers.IBinder]",true,44,2,1,1,0,1,0,6,0,0,4,0,0,0,0,0,0,0,0,0,4,0,0,0,0,0,8,0,0,false
C:\QtScrcpy-dev\server\src\main\java\com\genymobile\scrcpy\wrappers\ContentProvider.java,com.genymobile.scrcpy.wrappers.ContentProvider,"call/3[java.lang.String,java.lang.String,com.genymobile.scrcpy.wrappers.Bundle]",false,92,3,5,2,3,5,4,25,1,2,3,4,2,1,0,0,1,0,4,3,5,0,2,0,0,0,25,2,0,false
C:\QtScrcpy-dev\server\src\main\java\com\genymobile\scrcpy\wrappers\ContentProvider.java,com.genymobile.scrcpy.wrappers.ContentProvider,getAttributionSource/0,false,80,1,1,1,0,2,5,9,1,2,0,5,0,0,0,1,0,0,4,0,3,0,1,0,0,0,10,2,0,false
C:\QtScrcpy-dev\server\src\main\java\com\genymobile\scrcpy\wrappers\ContentProvider.java,com.genymobile.scrcpy.wrappers.ContentProvider,getGetMethod/1[java.lang.String],false,121,0,1,1,0,4,0,12,3,0,1,0,0,0,0,0,0,0,1,0,0,1,1,0,0,0,23,10,0,false
C:\QtScrcpy-dev\server\src\main\java\com\genymobile\scrcpy\wrappers\ContentProvider.java,com.genymobile.scrcpy.wrappers.ContentProvider,"getValue/2[java.lang.String,java.lang.String]",false,147,3,5,2,3,3,4,15,2,3,2,4,2,2,0,1,1,0,2,0,3,0,2,0,0,0,15,1,0,false
C:\QtScrcpy-dev\server\src\main\java\com\genymobile\scrcpy\wrappers\ContentProvider.java,com.genymobile.scrcpy.wrappers.ContentProvider,getCallMethod/0,false,52,2,1,1,0,5,3,26,1,1,0,3,0,0,0,1,3,0,6,4,9,0,4,0,0,0,17,2,0,false
C:\QtScrcpy-dev\server\src\main\java\com\genymobile\scrcpy\wrappers\ContentProvider.java,com.genymobile.scrcpy.wrappers.ContentProvider,close/0,false,117,1,1,0,1,1,1,3,0,0,0,1,0,0,0,0,0,0,0,0,0,0,0,0,0,0,1,1,0,false
C:\QtScrcpy-dev\server\src\main\java\com\genymobile\scrcpy\wrappers\ContentProvider.java,com.genymobile.scrcpy.wrappers.ContentProvider,"putValue/3[java.lang.String,java.lang.String,java.lang.String]",false,163,3,5,2,3,2,4,12,0,2,3,4,2,2,0,0,1,0,1,0,2,0,1,0,0,0,14,1,0,false
C:\QtScrcpy-dev\server\src\main\java\com\genymobile\scrcpy\SettingsException.java,com.genymobile.scrcpy.SettingsException,"SettingsException/5[java.lang.String,java.lang.String,java.lang.String,java.lang.String,java.lang.Throwable]",true,8,1,5,4,1,1,1,3,0,0,5,1,1,1,0,0,0,0,0,0,0,0,0,0,0,0,5,1,0,false
C:\QtScrcpy-dev\server\src\main\java\com\genymobile\scrcpy\SettingsException.java,com.genymobile.scrcpy.SettingsException,"createMessage/4[java.lang.String,java.lang.String,java.lang.String,java.lang.String]",false,4,0,1,1,0,2,0,3,1,0,4,0,0,0,0,1,0,1,5,0,0,2,0,0,0,0,9,10,0,false
C:\QtScrcpy-dev\server\src\main\java\com\genymobile\scrcpy\KeyComposition.java,com.genymobile.scrcpy.KeyComposition,grave/1[char],false,34,0,0,0,0,1,0,3,1,0,1,0,0,0,0,0,0,0,0,0,0,1,0,0,0,0,11,10,0,false
C:\QtScrcpy-dev\server\src\main\java\com\genymobile\scrcpy\KeyComposition.java,com.genymobile.scrcpy.KeyComposition,decompose/1[char],false,30,0,1,1,0,1,1,3,1,0,1,1,0,0,0,0,0,0,0,0,0,0,0,0,0,0,2,9,0,false
C:\QtScrcpy-dev\server\src\main\java\com\genymobile\scrcpy\KeyComposition.java,com.genymobile.scrcpy.KeyComposition,circumflex/1[char],false,42,0,0,0,0,1,0,3,1,0,1,0,0,0,0,0,0,0,0,0,0,1,0,0,0,0,16,10,0,false
C:\QtScrcpy-dev\server\src\main\java\com\genymobile\scrcpy\KeyComposition.java,com.genymobile.scrcpy.KeyComposition,umlaut/1[char],false,50,0,0,0,0,1,0,3,1,0,1,0,0,0,0,0,0,0,0,0,0,1,0,0,0,0,12,10,0,false
C:\QtScrcpy-dev\server\src\main\java\com\genymobile\scrcpy\KeyComposition.java,com.genymobile.scrcpy.KeyComposition,createDecompositionMap/0,false,54,0,0,0,0,1,0,2,0,0,0,0,0,0,0,0,0,0,0,0,0,0,0,0,0,0,3,10,0,false
C:\QtScrcpy-dev\server\src\main\java\com\genymobile\scrcpy\KeyComposition.java,com.genymobile.scrcpy.KeyComposition,KeyComposition/0,true,26,0,0,0,0,1,0,2,0,0,0,0,0,0,0,0,0,0,0,0,0,0,0,0,0,0,2,2,0,false
C:\QtScrcpy-dev\server\src\main\java\com\genymobile\scrcpy\KeyComposition.java,com.genymobile.scrcpy.KeyComposition,acute/1[char],false,38,0,0,0,0,1,0,3,1,0,1,0,0,0,0,0,0,0,0,0,0,1,0,0,0,0,11,10,0,false
C:\QtScrcpy-dev\server\src\main\java\com\genymobile\scrcpy\KeyComposition.java,com.genymobile.scrcpy.KeyComposition,tilde/1[char],false,46,0,0,0,0,1,0,3,1,0,1,0,0,0,0,0,0,0,0,0,0,1,0,0,0,0,11,10,0,false
C:\QtScrcpy-dev\server\src\main\java\com\genymobile\scrcpy\wrappers\ActivityManager.java,com.genymobile.scrcpy.wrappers.ActivityManager,getGetContentProviderExternalMethod/0,false,24,1,1,1,0,3,2,12,1,0,0,2,0,0,0,1,1,0,2,0,3,0,2,0,0,0,14,2,0,false
C:\QtScrcpy-dev\server\src\main\java\com\genymobile\scrcpy\wrappers\ActivityManager.java,com.genymobile.scrcpy.wrappers.ActivityManager,getRemoveContentProviderExternalMethod/0,false,38,1,1,1,0,2,2,6,1,0,0,2,0,0,0,1,0,0,1,0,1,0,1,0,0,0,11,2,0,false
C:\QtScrcpy-dev\server\src\main\java\com\genymobile\scrcpy\wrappers\ActivityManager.java,com.genymobile.scrcpy.wrappers.ActivityManager,createSettingsProvider/0,false,84,3,4,3,1,1,1,3,1,0,0,1,1,2,0,0,0,0,1,0,0,0,0,0,0,0,7,1,0,false
C:\QtScrcpy-dev\server\src\main\java\com\genymobile\scrcpy\wrappers\ActivityManager.java,com.genymobile.scrcpy.wrappers.ActivityManager,ActivityManager/1[com.genymobile.scrcpy.wrappers.IInterface],true,20,1,1,1,0,1,0,3,0,0,1,0,0,0,0,0,0,0,0,0,1,0,0,0,0,0,5,1,0,false
C:\QtScrcpy-dev\server\src\main\java\com\genymobile\scrcpy\wrappers\ActivityManager.java,com.genymobile.scrcpy.wrappers.ActivityManager,"removeContentProviderExternal/2[java.lang.String,com.genymobile.scrcpy.wrappers.IBinder]",false,75,3,3,1,2,2,3,9,0,1,2,3,1,1,0,0,1,0,1,0,1,0,1,0,0,0,19,0,0,false
C:\QtScrcpy-dev\server\src\main\java\com\genymobile\scrcpy\wrappers\ActivityManager.java,com.genymobile.scrcpy.wrappers.ActivityManager,"getContentProviderExternal/2[java.lang.String,com.genymobile.scrcpy.wrappers.IBinder]",false,45,4,4,1,3,5,7,27,4,5,2,7,1,1,0,2,1,0,2,0,6,0,2,0,0,0,27,2,0,false
C:\QtScrcpy-dev\server\src\main\java\com\genymobile\scrcpy\Point.java,com.genymobile.scrcpy.Point,hashCode/0,false,35,0,0,0,0,1,1,3,1,0,0,1,0,0,0,0,0,0,0,0,0,0,0,0,0,0,2,1,0,false
C:\QtScrcpy-dev\server\src\main\java\com\genymobile\scrcpy\Point.java,com.genymobile.scrcpy.Point,getY/0,false,18,0,6,6,0,1,0,3,1,0,0,0,0,0,0,0,0,0,0,0,0,0,0,0,0,0,3,1,0,false
C:\QtScrcpy-dev\server\src\main\java\com\genymobile\scrcpy\Point.java,com.genymobile.scrcpy.Point,getX/0,false,14,0,6,6,0,1,0,3,1,0,0,0,0,0,0,0,0,0,0,0,0,0,0,0,0,0,3,1,0,false
C:\QtScrcpy-dev\server\src\main\java\com\genymobile\scrcpy\Point.java,com.genymobile.scrcpy.Point,equals/1[java.lang.Object],false,23,1,0,0,0,6,1,10,3,1,1,1,0,0,0,5,0,0,0,0,1,0,1,0,0,0,12,1,0,false
C:\QtScrcpy-dev\server\src\main\java\com\genymobile\scrcpy\Point.java,com.genymobile.scrcpy.Point,toString/0,false,40,0,0,0,0,1,0,3,1,0,0,0,0,0,0,0,0,0,3,0,0,2,0,0,0,0,4,1,0,false
C:\QtScrcpy-dev\server\src\main\java\com\genymobile\scrcpy\Point.java,com.genymobile.scrcpy.Point,"Point/2[int,int]",true,9,0,3,3,0,1,0,4,0,0,2,0,0,0,0,0,0,0,0,0,2,0,0,0,0,0,3,1,0,false
C:\QtScrcpy-dev\server\src\main\java\com\genymobile\scrcpy\wrappers\SurfaceControl.java,com.genymobile.scrcpy.wrappers.SurfaceControl,SurfaceControl/0,true,34,0,0,0,0,1,0,2,0,0,0,0,0,0,0,0,0,0,0,0,0,0,0,0,0,0,2,2,0,false
C:\QtScrcpy-dev\server\src\main\java\com\genymobile\scrcpy\wrappers\SurfaceControl.java,com.genymobile.scrcpy.wrappers.SurfaceControl,"setDisplayLayerStack/2[com.genymobile.scrcpy.wrappers.IBinder,int]",false,63,1,1,1,0,2,2,8,0,0,2,2,0,0,0,0,1,0,1,0,0,0,1,0,0,0,11,9,0,false
C:\QtScrcpy-dev\server\src\main\java\com\genymobile\scrcpy\wrappers\SurfaceControl.java,com.genymobile.scrcpy.wrappers.SurfaceControl,getGetBuiltInDisplayMethod/0,false,87,0,1,1,0,3,1,11,1,0,0,1,0,0,0,1,0,0,2,0,2,0,2,0,0,0,10,10,0,false
C:\QtScrcpy-dev\server\src\main\java\com\genymobile\scrcpy\wrappers\SurfaceControl.java,com.genymobile.scrcpy.wrappers.SurfaceControl,destroyDisplay/1[com.genymobile.scrcpy.wrappers.IBinder],false,135,1,1,1,0,2,2,8,0,0,1,2,0,0,0,0,1,0,1,0,0,0,1,0,0,0,10,9,0,false
C:\QtScrcpy-dev\server\src\main\java\com\genymobile\scrcpy\wrappers\SurfaceControl.java,com.genymobile.scrcpy.wrappers.SurfaceControl,"setDisplayPowerMode/2[com.genymobile.scrcpy.wrappers.IBinder,int]",false,124,3,3,1,2,2,3,11,2,1,2,3,1,1,0,0,1,0,1,0,1,0,1,0,0,0,23,9,0,false
C:\QtScrcpy-dev\server\src\main\java\com\genymobile\scrcpy\wrappers\SurfaceControl.java,com.genymobile.scrcpy.wrappers.SurfaceControl,(initializer 1),false,23,0,0,0,0,2,1,8,0,0,0,1,0,0,0,0,1,0,1,0,1,0,1,0,0,0,11,8,0,false
C:\QtScrcpy-dev\server\src\main\java\com\genymobile\scrcpy\wrappers\SurfaceControl.java,com.genymobile.scrcpy.wrappers.SurfaceControl,closeTransaction/0,false,46,0,1,1,0,2,2,8,0,0,0,2,0,0,0,0,1,0,1,0,0,0,1,0,0,0,7,9,0,false
C:\QtScrcpy-dev\server\src\main\java\com\genymobile\scrcpy\wrappers\SurfaceControl.java,com.genymobile.scrcpy.wrappers.SurfaceControl,"setDisplaySurface/2[com.genymobile.scrcpy.wrappers.IBinder,com.genymobile.scrcpy.wrappers.Surface]",false,71,2,1,1,0,2,2,8,0,0,2,2,0,0,0,0,1,0,1,0,0,0,1,0,0,0,10,9,0,false
C:\QtScrcpy-dev\server\src\main\java\com\genymobile\scrcpy\wrappers\SurfaceControl.java,com.genymobile.scrcpy.wrappers.SurfaceControl,getSetDisplayPowerModeMethod/0,false,117,1,1,1,0,2,1,6,1,0,0,1,0,0,0,1,0,0,1,0,1,0,1,0,0,0,11,10,0,false
C:\QtScrcpy-dev\server\src\main\java\com\genymobile\scrcpy\wrappers\SurfaceControl.java,com.genymobile.scrcpy.wrappers.SurfaceControl,openTransaction/0,false,38,0,1,1,0,2,2,8,0,0,0,2,0,0,0,0,1,0,1,0,0,0,1,0,0,0,7,9,0,false
C:\QtScrcpy-dev\server\src\main\java\com\genymobile\scrcpy\wrappers\SurfaceControl.java,com.genymobile.scrcpy.wrappers.SurfaceControl,"setDisplayProjection/4[com.genymobile.scrcpy.wrappers.IBinder,int,com.genymobile.scrcpy.wrappers.Rect,com.genymobile.scrcpy.wrappers.Rect]",false,54,2,1,1,0,2,2,8,0,0,4,2,0,0,0,0,1,0,1,0,0,0,1,0,0,0,11,9,0,false
C:\QtScrcpy-dev\server\src\main\java\com\genymobile\scrcpy\wrappers\SurfaceControl.java,com.genymobile.scrcpy.wrappers.SurfaceControl,"createDisplay/2[java.lang.String,boolean]",false,79,1,1,1,0,2,2,8,1,0,2,2,0,0,0,0,1,0,1,0,0,0,1,0,0,0,9,9,0,false
C:\QtScrcpy-dev\server\src\main\java\com\genymobile\scrcpy\wrappers\SurfaceControl.java,com.genymobile.scrcpy.wrappers.SurfaceControl,getBuiltInDisplay/0,false,100,3,3,1,2,3,3,13,3,1,0,3,1,1,0,0,1,0,1,1,1,0,2,0,0,0,20,9,0,false
C:\QtScrcpy-dev\server\src\test\java\com\genymobile\scrcpy\CodecOptionsTest.java,com.genymobile.scrcpy.CodecOptionsTest,testStringEscaped/0,false,70,2,3,0,3,1,7,8,0,2,0,7,0,0,0,0,0,0,3,2,2,0,0,0,0,0,8,1,0,false
C:\QtScrcpy-dev\server\src\test\java\com\genymobile\scrcpy\CodecOptionsTest.java,com.genymobile.scrcpy.CodecOptionsTest,testIntegerImplicit/0,false,11,2,3,0,3,1,6,7,0,2,0,6,0,0,0,0,0,0,2,3,2,0,0,0,0,0,8,1,0,false
C:\QtScrcpy-dev\server\src\test\java\com\genymobile\scrcpy\CodecOptionsTest.java,com.genymobile.scrcpy.CodecOptionsTest,testList/0,false,82,2,3,0,3,1,7,25,0,2,0,7,0,0,0,0,0,0,7,10,6,0,0,0,0,0,10,1,0,false
C:\QtScrcpy-dev\server\src\test\java\com\genymobile\scrcpy\CodecOptionsTest.java,com.genymobile.scrcpy.CodecOptionsTest,testLong/0,false,34,2,3,0,3,1,7,8,0,2,0,7,0,0,0,0,0,0,2,3,2,0,0,0,0,0,7,1,0,false
C:\QtScrcpy-dev\server\src\test\java\com\genymobile\scrcpy\CodecOptionsTest.java,com.genymobile.scrcpy.CodecOptionsTest,testInteger/0,false,22,2,3,0,3,1,7,8,0,2,0,7,0,0,0,0,0,0,2,3,2,0,0,0,0,0,7,1,0,false
C:\QtScrcpy-dev\server\src\test\java\com\genymobile\scrcpy\CodecOptionsTest.java,com.genymobile.scrcpy.CodecOptionsTest,testString/0,false,58,2,3,0,3,1,7,8,0,2,0,7,0,0,0,0,0,0,3,2,2,0,0,0,0,0,7,1,0,false
C:\QtScrcpy-dev\server\src\test\java\com\genymobile\scrcpy\CodecOptionsTest.java,com.genymobile.scrcpy.CodecOptionsTest,testFloat/0,false,46,2,3,0,3,1,7,8,0,2,0,7,0,0,0,0,0,0,2,3,2,0,0,0,0,0,7,1,0,false
C:\QtScrcpy-dev\server\src\main\java\com\genymobile\scrcpy\InvalidDisplayIdException.java,com.genymobile.scrcpy.InvalidDisplayIdException,"InvalidDisplayIdException/2[int,int[]]",true,8,1,1,1,0,1,0,5,0,0,2,0,0,0,0,0,0,0,1,0,2,1,0,0,0,0,11,1,0,false
C:\QtScrcpy-dev\server\src\main\java\com\genymobile\scrcpy\InvalidDisplayIdException.java,com.genymobile.scrcpy.InvalidDisplayIdException,getAvailableDisplayIds/0,false,18,1,1,1,0,1,0,3,1,0,0,0,0,0,0,0,0,0,0,0,0,0,0,0,0,0,5,1,0,false
C:\QtScrcpy-dev\server\src\main\java\com\genymobile\scrcpy\InvalidDisplayIdException.java,com.genymobile.scrcpy.InvalidDisplayIdException,getDisplayId/0,false,14,0,0,0,0,1,0,3,1,0,0,0,0,0,0,0,0,0,0,0,0,0,0,0,0,0,4,1,0,false
C:\QtScrcpy-dev\server\src\main\java\com\genymobile\scrcpy\DesktopConnection.java,com.genymobile.scrcpy.DesktopConnection,"open/3[boolean,boolean,boolean]",false,49,3,3,1,2,7,5,38,1,3,3,5,1,1,0,0,3,0,0,1,6,0,4,0,0,0,30,9,0,false
C:\QtScrcpy-dev\server\src\main\java\com\genymobile\scrcpy\DesktopConnection.java,com.genymobile.scrcpy.DesktopConnection,getVideoFd/0,false,112,0,1,1,0,1,0,3,1,0,0,0,0,0,0,0,0,0,0,0,0,0,0,0,0,0,6,1,0,false
C:\QtScrcpy-dev\server\src\main\java\com\genymobile\scrcpy\DesktopConnection.java,com.genymobile.scrcpy.DesktopConnection,"sendDeviceMeta/3[java.lang.String,int,int]",false,97,3,3,1,2,1,4,11,0,3,3,4,0,0,0,0,0,2,0,10,7,7,0,0,0,0,13,1,0,false
C:\QtScrcpy-dev\server\src\main\java\com\genymobile\scrcpy\DesktopConnection.java,com.genymobile.scrcpy.DesktopConnection,receiveControlMessage/0,false,116,2,3,1,2,2,2,8,1,1,0,2,0,0,1,1,0,0,0,0,2,0,1,0,0,0,11,1,0,false
C:\QtScrcpy-dev\server\src\main\java\com\genymobile\scrcpy\DesktopConnection.java,com.genymobile.scrcpy.DesktopConnection,"DesktopConnection/2[com.genymobile.scrcpy.LocalSocket,com.genymobile.scrcpy.LocalSocket]",true,30,1,1,1,0,2,3,13,0,0,2,3,0,0,0,1,0,0,0,0,7,0,1,0,0,0,14,2,0,false
C:\QtScrcpy-dev\server\src\main\java\com\genymobile\scrcpy\DesktopConnection.java,com.genymobile.scrcpy.DesktopConnection,close/0,false,86,0,0,0,0,2,3,10,0,0,0,3,0,0,0,1,0,0,0,0,0,0,1,0,0,0,7,1,0,false
C:\QtScrcpy-dev\server\src\main\java\com\genymobile\scrcpy\DesktopConnection.java,com.genymobile.scrcpy.DesktopConnection,connect/1[java.lang.String],false,43,2,1,1,0,1,1,5,1,1,1,1,0,0,0,0,0,0,0,0,1,0,0,0,0,0,10,10,0,false
C:\QtScrcpy-dev\server\src\main\java\com\genymobile\scrcpy\DesktopConnection.java,com.genymobile.scrcpy.DesktopConnection,sendDeviceMessage/1[com.genymobile.scrcpy.DeviceMessage],false,125,2,2,1,1,1,1,3,0,0,1,1,0,0,0,0,0,0,0,0,0,0,0,0,0,0,7,1,0,false
C:\QtScrcpy-dev\server\src\main\java\com\genymobile\scrcpy\Device.java,com.genymobile.scrcpy.Device$Anonymous1,onRotationChanged/1[int],false,87,2,2,0,2,2,2,8,0,0,1,2,0,0,0,1,0,0,0,0,1,0,2,0,0,0,8,1,0,false
C:\QtScrcpy-dev\server\src\main\java\com\genymobile\scrcpy\wrappers\StatusBarManager.java,com.genymobile.scrcpy.wrappers.StatusBarManager,getCollapsePanelsMethod/0,false,50,0,1,1,0,2,2,6,1,0,0,2,0,0,0,1,0,0,1,0,1,0,1,0,0,0,9,2,0,false
C:\QtScrcpy-dev\server\src\main\java\com\genymobile\scrcpy\wrappers\StatusBarManager.java,com.genymobile.scrcpy.wrappers.StatusBarManager,collapsePanels/0,false,85,2,3,1,2,2,3,9,0,1,0,3,1,1,0,0,1,0,1,0,1,0,1,0,0,0,17,1,0,false
C:\QtScrcpy-dev\server\src\main\java\com\genymobile\scrcpy\wrappers\StatusBarManager.java,com.genymobile.scrcpy.wrappers.StatusBarManager,getExpandSettingsPanel/0,false,36,0,1,1,0,3,2,12,1,0,0,2,0,0,0,1,1,0,2,0,3,0,2,0,0,0,14,2,0,false
C:\QtScrcpy-dev\server\src\main\java\com\genymobile\scrcpy\wrappers\StatusBarManager.java,com.genymobile.scrcpy.wrappers.StatusBarManager,StatusBarManager/1[com.genymobile.scrcpy.wrappers.IInterface],true,19,1,1,1,0,1,0,3,0,0,1,0,0,0,0,0,0,0,0,0,1,0,0,0,0,0,6,1,0,false
C:\QtScrcpy-dev\server\src\main\java\com\genymobile\scrcpy\wrappers\StatusBarManager.java,com.genymobile.scrcpy.wrappers.StatusBarManager,expandNotificationsPanel/0,false,57,2,3,1,2,3,3,14,0,1,0,3,1,1,0,0,1,0,1,1,1,0,2,0,0,0,21,1,0,false
C:\QtScrcpy-dev\server\src\main\java\com\genymobile\scrcpy\wrappers\StatusBarManager.java,com.genymobile.scrcpy.wrappers.StatusBarManager,getExpandNotificationsPanelMethod/0,false,23,0,1,1,0,3,2,12,1,0,0,2,0,0,0,1,1,0,2,0,3,0,2,0,0,0,15,2,0,false
C:\QtScrcpy-dev\server\src\main\java\com\genymobile\scrcpy\wrappers\StatusBarManager.java,com.genymobile.scrcpy.wrappers.StatusBarManager,expandSettingsPanel/0,false,70,2,3,1,2,3,3,14,0,1,0,3,1,1,0,0,1,0,1,0,1,0,2,0,0,0,22,1,0,false
C:\QtScrcpy-dev\server\src\main\java\com\genymobile\scrcpy\ControlMessage.java,com.genymobile.scrcpy.ControlMessage,ControlMessage/0,true,43,0,9,9,0,1,0,2,0,0,0,0,0,0,0,0,0,0,0,0,0,0,0,0,0,0,2,2,0,false
C:\QtScrcpy-dev\server\src\main\java\com\genymobile\scrcpy\ControlMessage.java,com.genymobile.scrcpy.ControlMessage,getPaste/0,false,171,0,3,3,0,1,0,3,1,0,0,0,0,0,0,0,0,0,0,0,0,0,0,0,0,0,3,1,0,false
C:\QtScrcpy-dev\server\src\main\java\com\genymobile\scrcpy\ControlMessage.java,com.genymobile.scrcpy.ControlMessage,getButtons/0,false,143,0,3,3,0,1,0,3,1,0,0,0,0,0,0,0,0,0,0,0,0,0,0,0,0,0,3,1,0,false
C:\QtScrcpy-dev\server\src\main\java\com\genymobile\scrcpy\ControlMessage.java,com.genymobile.scrcpy.ControlMessage,getSequence/0,false,179,0,3,3,0,1,0,3,1,0,0,0,0,0,0,0,0,0,0,0,0,0,0,0,0,0,3,1,0,false
C:\QtScrcpy-dev\server\src\main\java\com\genymobile\scrcpy\ControlMessage.java,com.genymobile.scrcpy.ControlMessage,getHScroll/0,false,159,0,2,2,0,1,0,3,1,0,0,0,0,0,0,0,0,0,0,0,0,0,0,0,0,0,4,1,0,false
C:\QtScrcpy-dev\server\src\main\java\com\genymobile\scrcpy\ControlMessage.java,com.genymobile.scrcpy.ControlMessage,getCopyKey/0,false,167,0,2,2,0,1,0,3,1,0,0,0,0,0,0,0,0,0,0,0,0,0,0,0,0,0,4,1,0,false
C:\QtScrcpy-dev\server\src\main\java\com\genymobile\scrcpy\ControlMessage.java,com.genymobile.scrcpy.ControlMessage,getMetaState/0,false,131,0,4,4,0,1,0,3,1,0,0,0,0,0,0,0,0,0,0,0,0,0,0,0,0,0,4,1,0,false
C:\QtScrcpy-dev\server\src\main\java\com\genymobile\scrcpy\ControlMessage.java,com.genymobile.scrcpy.ControlMessage,createEmpty/1[int],false,117,1,2,1,1,1,0,5,1,1,1,0,0,0,0,0,0,0,0,0,2,0,0,0,0,0,6,9,0,false
C:\QtScrcpy-dev\server\src\main\java\com\genymobile\scrcpy\ControlMessage.java,com.genymobile.scrcpy.ControlMessage,"createInjectScrollEvent/4[com.genymobile.scrcpy.Position,int,int,int]",false,74,2,2,1,1,1,0,9,1,1,4,0,0,0,0,0,0,0,0,0,6,0,0,0,0,0,26,9,0,false
C:\QtScrcpy-dev\server\src\main\java\com\genymobile\scrcpy\ControlMessage.java,com.genymobile.scrcpy.ControlMessage,"createInjectKeycode/4[int,int,int,int]",false,46,1,2,1,1,1,0,9,1,1,4,0,0,0,0,0,0,0,0,0,6,0,0,0,0,0,23,9,0,false
C:\QtScrcpy-dev\server\src\main\java\com\genymobile\scrcpy\ControlMessage.java,com.genymobile.scrcpy.ControlMessage,getRepeat/0,false,175,0,4,4,0,1,0,3,1,0,0,0,0,0,0,0,0,0,0,0,0,0,0,0,0,0,3,1,0,false
C:\QtScrcpy-dev\server\src\main\java\com\genymobile\scrcpy\ControlMessage.java,com.genymobile.scrcpy.ControlMessage,createGetClipboard/1[int],false,91,1,2,1,1,1,0,6,1,1,1,0,0,0,0,0,0,0,0,0,3,0,0,0,0,0,22,9,0,false
C:\QtScrcpy-dev\server\src\main\java\com\genymobile\scrcpy\ControlMessage.java,com.genymobile.scrcpy.ControlMessage,createBackOrScreenOn/1[int],false,84,1,2,1,1,1,0,6,1,1,1,0,0,0,0,0,0,0,0,0,3,0,0,0,0,0,22,9,0,false
C:\QtScrcpy-dev\server\src\main\java\com\genymobile\scrcpy\ControlMessage.java,com.genymobile.scrcpy.ControlMessage,"createSetClipboard/3[long,java.lang.String,boolean]",false,98,1,2,1,1,1,0,8,1,1,3,0,0,0,0,0,0,0,0,0,5,0,0,0,0,0,23,9,0,false
C:\QtScrcpy-dev\server\src\main\java\com\genymobile\scrcpy\ControlMessage.java,com.genymobile.scrcpy.ControlMessage,getAction/0,false,135,0,7,7,0,1,0,3,1,0,0,0,0,0,0,0,0,0,0,0,0,0,0,0,0,0,3,1,0,false
C:\QtScrcpy-dev\server\src\main\java\com\genymobile\scrcpy\ControlMessage.java,com.genymobile.scrcpy.ControlMessage,getPointerId/0,false,147,0,2,2,0,1,0,3,1,0,0,0,0,0,0,0,0,0,0,0,0,0,0,0,0,0,4,1,0,false
C:\QtScrcpy-dev\server\src\main\java\com\genymobile\scrcpy\ControlMessage.java,com.genymobile.scrcpy.ControlMessage,getVScroll/0,false,163,0,2,2,0,1,0,3,1,0,0,0,0,0,0,0,0,0,0,0,0,0,0,0,0,0,4,1,0,false
C:\QtScrcpy-dev\server\src\main\java\com\genymobile\scrcpy\ControlMessage.java,com.genymobile.scrcpy.ControlMessage,"createInjectTouchEvent/5[int,long,com.genymobile.scrcpy.Position,float,int]",false,63,2,2,1,1,1,0,10,1,1,5,0,0,0,0,0,0,0,0,0,7,0,0,0,0,0,26,9,0,false
C:\QtScrcpy-dev\server\src\main\java\com\genymobile\scrcpy\ControlMessage.java,com.genymobile.scrcpy.ControlMessage,createInjectText/1[java.lang.String],false,56,1,2,1,1,1,0,6,1,1,1,0,0,0,0,0,0,0,0,0,3,0,0,0,0,0,17,9,0,false
C:\QtScrcpy-dev\server\src\main\java\com\genymobile\scrcpy\ControlMessage.java,com.genymobile.scrcpy.ControlMessage,createSetScreenPowerMode/1[int],false,110,1,2,1,1,1,0,6,1,1,1,0,0,0,0,0,0,0,0,0,3,0,0,0,0,0,26,9,0,true
C:\QtScrcpy-dev\server\src\main\java\com\genymobile\scrcpy\ControlMessage.java,com.genymobile.scrcpy.ControlMessage,getPressure/0,false,151,0,2,2,0,1,0,3,1,0,0,0,0,0,0,0,0,0,0,0,0,0,0,0,0,0,3,1,0,false
C:\QtScrcpy-dev\server\src\main\java\com\genymobile\scrcpy\ControlMessage.java,com.genymobile.scrcpy.ControlMessage,getText/0,false,127,0,5,5,0,1,0,3,1,0,0,0,0,0,0,0,0,0,0,0,0,0,0,0,0,0,3,1,0,false
C:\QtScrcpy-dev\server\src\main\java\com\genymobile\scrcpy\ControlMessage.java,com.genymobile.scrcpy.ControlMessage,getKeycode/0,false,139,0,4,4,0,1,0,3,1,0,0,0,0,0,0,0,0,0,0,0,0,0,0,0,0,0,3,1,0,false
C:\QtScrcpy-dev\server\src\main\java\com\genymobile\scrcpy\ControlMessage.java,com.genymobile.scrcpy.ControlMessage,getType/0,false,123,0,17,17,0,1,0,3,1,0,0,0,0,0,0,0,0,0,0,0,0,0,0,0,0,0,3,1,0,false
C:\QtScrcpy-dev\server\src\main\java\com\genymobile\scrcpy\ControlMessage.java,com.genymobile.scrcpy.ControlMessage,getPosition/0,false,155,1,3,3,0,1,0,3,1,0,0,0,0,0,0,0,0,0,0,0,0,0,0,0,0,0,3,1,0,false
C:\QtScrcpy-dev\server\src\main\java\com\genymobile\scrcpy\Device.java,com.genymobile.scrcpy.Device$Anonymous2,dispatchPrimaryClipChanged/0,false,105,2,2,0,2,4,3,13,1,1,0,3,0,0,0,2,0,0,0,0,1,0,3,0,0,0,11,1,0,false
C:\QtScrcpy-dev\server\src\main\java\com\genymobile\scrcpy\CleanUp.java,com.genymobile.scrcpy.CleanUp,startProcess/1[com.genymobile.scrcpy.CleanUp.Config],false,136,2,2,1,1,1,5,6,0,2,1,5,0,0,0,0,0,0,3,0,2,0,0,0,0,0,10,10,0,false
C:\QtScrcpy-dev\server\src\main\java\com\genymobile\scrcpy\CleanUp.java,com.genymobile.scrcpy.CleanUp,unlinkSelf/0,false,144,1,3,2,1,2,2,8,0,0,0,2,0,0,0,0,1,0,1,0,0,0,1,0,0,0,15,10,0,false
C:\QtScrcpy-dev\server\src\main\java\com\genymobile\scrcpy\CleanUp.java,com.genymobile.scrcpy.CleanUp,"configure/5[int,int,boolean,boolean,boolean]",false,120,2,5,1,4,2,3,14,0,1,5,3,2,1,0,0,0,0,0,0,6,0,1,0,0,0,24,9,0,false
C:\QtScrcpy-dev\server\src\main\java\com\genymobile\scrcpy\CleanUp.java,com.genymobile.scrcpy.CleanUp,main/1[java.lang.String[]],false,152,6,10,0,10,11,10,42,0,3,1,10,1,1,0,2,3,0,10,3,3,0,3,0,0,0,20,9,0,false
C:\QtScrcpy-dev\server\src\main\java\com\genymobile\scrcpy\CleanUp.java,com.genymobile.scrcpy.CleanUp,CleanUp/0,true,115,0,0,0,0,1,0,2,0,0,0,0,0,0,0,0,0,0,0,0,0,0,0,0,0,0,2,2,0,false
C:\QtScrcpy-dev\server\src\main\java\com\genymobile\scrcpy\DeviceMessageSender.java,com.genymobile.scrcpy.DeviceMessageSender,pushClipboardText/1[java.lang.String],false,17,0,2,2,0,1,1,4,0,0,1,1,0,0,0,0,0,0,0,0,1,0,0,0,0,0,6,33,0,false
C:\QtScrcpy-dev\server\src\main\java\com\genymobile\scrcpy\DeviceMessageSender.java,com.genymobile.scrcpy.DeviceMessageSender,pushAckClipboard/1[long],false,22,0,1,1,0,1,1,4,0,0,1,1,0,0,0,0,0,0,0,0,1,0,0,0,0,0,6,33,0,false
C:\QtScrcpy-dev\server\src\main\java\com\genymobile\scrcpy\DeviceMessageSender.java,com.genymobile.scrcpy.DeviceMessageSender,DeviceMessageSender/1[com.genymobile.scrcpy.DesktopConnection],true,13,1,1,1,0,1,0,3,0,0,1,0,0,0,0,0,0,0,0,0,1,0,0,0,0,0,6,1,0,false
C:\QtScrcpy-dev\server\src\main\java\com\genymobile\scrcpy\DeviceMessageSender.java,com.genymobile.scrcpy.DeviceMessageSender,loop/0,false,27,2,4,1,3,6,4,23,0,4,0,4,0,0,2,4,0,0,0,0,6,0,3,0,0,0,14,1,0,false
C:\QtScrcpy-dev\server\src\test\java\com\genymobile\scrcpy\ControlMessageReaderTest.java,com.genymobile.scrcpy.ControlMessageReaderTest,testParseScrollEvent/0,false,119,7,14,0,14,1,18,25,0,5,0,18,0,0,0,0,0,0,0,15,5,1,0,0,0,0,21,1,0,false
C:\QtScrcpy-dev\server\src\test\java\com\genymobile\scrcpy\ControlMessageReaderTest.java,com.genymobile.scrcpy.ControlMessageReaderTest,testParseExpandSettingsPanelEvent/0,false,186,4,4,0,4,1,6,10,0,5,0,6,0,0,0,0,0,0,0,0,5,0,0,0,0,0,23,1,0,false
C:\QtScrcpy-dev\server\src\test\java\com\genymobile\scrcpy\ControlMessageReaderTest.java,com.genymobile.scrcpy.ControlMessageReaderTest,testParseSetClipboardEvent/0,false,236,4,7,0,7,1,14,18,0,6,0,14,0,0,0,0,0,0,2,3,6,0,0,0,0,0,25,1,0,false
C:\QtScrcpy-dev\server\src\test\java\com\genymobile\scrcpy\ControlMessageReaderTest.java,com.genymobile.scrcpy.ControlMessageReaderTest,testParseTouchEvent/0,false,84,7,15,0,15,1,20,27,0,5,0,20,0,0,0,0,0,0,0,14,5,1,0,0,0,0,22,1,0,false
C:\QtScrcpy-dev\server\src\test\java\com\genymobile\scrcpy\ControlMessageReaderTest.java,com.genymobile.scrcpy.ControlMessageReaderTest,testParseKeycodeEvent/0,false,19,4,8,0,8,1,11,19,0,5,0,11,0,0,0,0,0,0,0,3,5,1,0,0,0,0,21,1,0,false
C:\QtScrcpy-dev\server\src\test\java\com\genymobile\scrcpy\ControlMessageReaderTest.java,com.genymobile.scrcpy.ControlMessageReaderTest,testParseRotateDevice/0,false,309,4,4,0,4,1,6,10,0,5,0,6,0,0,0,0,0,0,0,0,5,0,0,0,0,0,21,1,0,false
C:\QtScrcpy-dev\server\src\test\java\com\genymobile\scrcpy\ControlMessageReaderTest.java,com.genymobile.scrcpy.ControlMessageReaderTest,testPartialEvents/0,false,362,4,8,0,8,1,13,34,0,5,0,13,0,0,0,0,0,0,0,4,8,0,0,0,0,0,20,1,0,false
C:\QtScrcpy-dev\server\src\test\java\com\genymobile\scrcpy\ControlMessageReaderTest.java,com.genymobile.scrcpy.ControlMessageReaderTest,testParseExpandNotificationPanelEvent/0,false,170,4,4,0,4,1,6,10,0,5,0,6,0,0,0,0,0,0,0,0,5,0,0,0,0,0,23,1,0,false
C:\QtScrcpy-dev\server\src\test\java\com\genymobile\scrcpy\ControlMessageReaderTest.java,com.genymobile.scrcpy.ControlMessageReaderTest,testParseGetClipboardEvent/0,false,218,4,5,0,5,1,7,12,0,5,0,7,0,0,0,0,0,0,0,0,5,0,0,0,0,0,22,1,0,false
C:\QtScrcpy-dev\server\src\test\java\com\genymobile\scrcpy\ControlMessageReaderTest.java,com.genymobile.scrcpy.ControlMessageReaderTest,testParseTextEvent/0,false,45,4,5,0,5,1,10,14,0,6,0,10,0,0,0,0,0,0,2,0,6,0,0,0,0,0,22,1,0,false
C:\QtScrcpy-dev\server\src\test\java\com\genymobile\scrcpy\ControlMessageReaderTest.java,com.genymobile.scrcpy.ControlMessageReaderTest,testParseBackOrScreenOnEvent/0,false,152,4,5,0,5,1,7,12,0,5,0,7,0,0,0,0,0,0,0,0,5,0,0,0,0,0,24,1,0,false
C:\QtScrcpy-dev\server\src\test\java\com\genymobile\scrcpy\ControlMessageReaderTest.java,com.genymobile.scrcpy.ControlMessageReaderTest,testParseBigSetClipboardEvent/0,false,260,4,7,0,7,1,14,20,0,7,0,14,0,0,0,0,0,0,0,4,7,0,0,0,0,0,28,1,0,false
C:\QtScrcpy-dev\server\src\test\java\com\genymobile\scrcpy\ControlMessageReaderTest.java,com.genymobile.scrcpy.ControlMessageReaderTest,testParseLongTextEvent/0,false,64,4,5,0,5,1,10,15,0,6,0,10,0,0,0,0,0,0,0,0,6,0,0,0,0,0,23,1,0,false
C:\QtScrcpy-dev\server\src\test\java\com\genymobile\scrcpy\ControlMessageReaderTest.java,com.genymobile.scrcpy.ControlMessageReaderTest,testParseCollapsePanelsEvent/0,false,202,4,4,0,4,1,6,10,0,5,0,6,0,0,0,0,0,0,0,0,5,0,0,0,0,0,22,1,0,false
C:\QtScrcpy-dev\server\src\test\java\com\genymobile\scrcpy\ControlMessageReaderTest.java,com.genymobile.scrcpy.ControlMessageReaderTest,testParseSetScreenPowerMode/0,false,288,4,5,0,5,1,7,13,0,5,0,7,0,0,0,0,0,0,0,1,5,1,0,0,0,0,23,1,0,false
C:\QtScrcpy-dev\server\src\test\java\com\genymobile\scrcpy\ControlMessageReaderTest.java,com.genymobile.scrcpy.ControlMessageReaderTest,testMultiEvents/0,false,325,4,8,0,8,1,11,29,0,5,0,11,0,0,0,0,0,0,0,4,6,0,0,0,0,0,20,1,0,false
C:\QtScrcpy-dev\server\src\main\java\com\genymobile\scrcpy\DeviceMessage.java,com.genymobile.scrcpy.DeviceMessage,createAckClipboard/1[long],false,24,1,3,2,1,1,0,6,1,1,1,0,0,0,0,0,0,0,0,0,3,0,0,0,0,0,21,9,0,false
C:\QtScrcpy-dev\server\src\main\java\com\genymobile\scrcpy\DeviceMessage.java,com.genymobile.scrcpy.DeviceMessage,getSequence/0,false,39,0,1,1,0,1,0,3,1,0,0,0,0,0,0,0,0,0,0,0,0,0,0,0,0,0,3,1,0,false
C:\QtScrcpy-dev\server\src\main\java\com\genymobile\scrcpy\DeviceMessage.java,com.genymobile.scrcpy.DeviceMessage,createClipboard/1[java.lang.String],false,17,1,3,2,1,1,0,6,1,1,1,0,0,0,0,0,0,0,0,0,3,0,0,0,0,0,19,9,0,false
C:\QtScrcpy-dev\server\src\main\java\com\genymobile\scrcpy\DeviceMessage.java,com.genymobile.scrcpy.DeviceMessage,getText/0,false,35,0,1,1,0,1,0,3,1,0,0,0,0,0,0,0,0,0,0,0,0,0,0,0,0,0,3,1,0,false
C:\QtScrcpy-dev\server\src\main\java\com\genymobile\scrcpy\DeviceMessage.java,com.genymobile.scrcpy.DeviceMessage,getType/0,false,31,0,1,1,0,1,0,3,1,0,0,0,0,0,0,0,0,0,0,0,0,0,0,0,0,0,3,1,0,false
C:\QtScrcpy-dev\server\src\main\java\com\genymobile\scrcpy\DeviceMessage.java,com.genymobile.scrcpy.DeviceMessage,DeviceMessage/0,true,14,0,2,2,0,1,0,2,0,0,0,0,0,0,0,0,0,0,0,0,0,0,0,0,0,0,2,2,0,false
C:\QtScrcpy-dev\server\src\main\java\com\genymobile\scrcpy\Ln.java,com.genymobile.scrcpy.Ln,w/1[java.lang.String],false,70,1,8,7,1,1,1,3,0,0,1,1,1,2,0,0,0,0,0,0,0,0,0,0,0,0,2,9,0,false
C:\QtScrcpy-dev\server\src\main\java\com\genymobile\scrcpy\Ln.java,com.genymobile.scrcpy.Ln,Ln/0,true,20,0,0,0,0,1,0,2,0,0,0,0,0,0,0,0,0,0,0,0,0,0,0,0,0,0,1,2,0,false
C:\QtScrcpy-dev\server\src\main\java\com\genymobile\scrcpy\Ln.java,com.genymobile.scrcpy.Ln,initLogLevel/1[com.genymobile.scrcpy.Ln.Level],false,31,1,1,1,0,1,0,3,0,0,1,0,0,0,0,0,0,0,0,0,1,0,0,0,0,0,14,9,0,true
C:\QtScrcpy-dev\server\src\main\java\com\genymobile\scrcpy\Ln.java,com.genymobile.scrcpy.Ln,"e/2[java.lang.String,java.lang.Throwable]",false,74,1,24,23,1,3,4,9,0,0,2,4,1,1,0,1,0,0,1,0,0,1,2,0,0,0,12,9,0,false
C:\QtScrcpy-dev\server\src\main\java\com\genymobile\scrcpy\Ln.java,com.genymobile.scrcpy.Ln,d/1[java.lang.String],false,46,1,6,5,1,2,3,6,0,0,1,3,1,1,0,0,0,0,1,0,0,1,1,0,0,0,10,9,0,false
C:\QtScrcpy-dev\server\src\main\java\com\genymobile\scrcpy\Ln.java,com.genymobile.scrcpy.Ln,"w/2[java.lang.String,java.lang.Throwable]",false,60,1,5,4,1,3,4,9,0,0,2,4,1,1,0,1,0,0,1,0,0,1,2,0,0,0,12,9,0,false
C:\QtScrcpy-dev\server\src\main\java\com\genymobile\scrcpy\Ln.java,com.genymobile.scrcpy.Ln,v/1[java.lang.String],false,39,1,1,0,1,2,3,6,0,0,1,3,1,1,0,0,0,0,1,0,0,1,1,0,0,0,10,9,0,false
C:\QtScrcpy-dev\server\src\main\java\com\genymobile\scrcpy\Ln.java,com.genymobile.scrcpy.Ln,i/1[java.lang.String],false,53,1,8,7,1,2,3,6,0,0,1,3,1,1,0,0,0,0,1,0,0,1,1,0,0,0,10,9,0,false
C:\QtScrcpy-dev\server\src\main\java\com\genymobile\scrcpy\Ln.java,com.genymobile.scrcpy.Ln,e/1[java.lang.String],false,84,1,4,3,1,1,1,3,0,0,1,1,1,2,0,0,0,0,0,0,0,0,0,0,0,0,2,9,0,false
C:\QtScrcpy-dev\server\src\main\java\com\genymobile\scrcpy\Ln.java,com.genymobile.scrcpy.Ln,isEnabled/1[com.genymobile.scrcpy.Ln.Level],false,35,1,5,5,0,2,1,3,1,0,1,1,0,0,0,0,0,0,0,0,0,0,0,0,0,0,4,9,0,false
C:\QtScrcpy-dev\server\src\test\java\com\genymobile\scrcpy\DeviceMessageWriterTest.java,com.genymobile.scrcpy.DeviceMessageWriterTest,testSerializeAckSetClipboard/0,false,37,4,3,0,3,1,6,13,0,6,0,6,0,0,0,0,0,0,0,2,7,0,0,0,0,0,24,1,0,false
C:\QtScrcpy-dev\server\src\test\java\com\genymobile\scrcpy\DeviceMessageWriterTest.java,com.genymobile.scrcpy.DeviceMessageWriterTest,testSerializeClipboard/0,false,14,4,3,0,3,1,8,16,0,8,0,8,0,0,0,0,0,0,1,0,9,0,0,0,0,0,22,1,0,false
C:\QtScrcpy-dev\server\src\main\java\com\genymobile\scrcpy\IO.java,com.genymobile.scrcpy.IO,"writeFully/2[java.io.FileDescriptor,java.nio.ByteBuffer]",false,16,0,3,3,0,6,2,17,0,2,2,2,0,0,1,1,1,0,2,2,3,1,3,0,0,0,18,9,0,false
C:\QtScrcpy-dev\server\src\main\java\com\genymobile\scrcpy\IO.java,com.genymobile.scrcpy.IO,"writeFully/4[java.io.FileDescriptor,byte[],int,int]",false,37,2,2,1,1,1,2,3,0,0,4,2,1,1,0,0,0,0,0,0,0,0,0,0,0,0,8,9,0,false
C:\QtScrcpy-dev\server\src\main\java\com\genymobile\scrcpy\IO.java,com.genymobile.scrcpy.IO,IO/0,true,12,0,0,0,0,1,0,2,0,0,0,0,0,0,0,0,0,0,0,0,0,0,0,0,0,0,2,2,0,false
C:\QtScrcpy-dev\server\src\main\java\com\genymobile\scrcpy\CleanUp.java,com.genymobile.scrcpy.CleanUp$Config$Anonymous1,createFromParcel/1[com.genymobile.scrcpy.Parcel],false,26,2,1,0,1,1,0,3,1,0,1,0,0,0,0,0,0,0,0,0,0,0,0,0,0,0,5,1,0,false
C:\QtScrcpy-dev\server\src\main\java\com\genymobile\scrcpy\CleanUp.java,com.genymobile.scrcpy.CleanUp$Config$Anonymous1,newArray/1[int],false,31,1,0,0,0,1,0,3,1,0,1,0,0,0,0,0,0,0,0,0,0,0,0,0,0,0,3,1,0,false
C:\QtScrcpy-dev\server\src\main\java\com\genymobile\scrcpy\ScreenInfo.java,com.genymobile.scrcpy.ScreenInfo,getContentRect/0,false,35,1,2,2,0,1,0,3,1,0,0,0,0,0,0,0,0,0,0,0,0,0,0,0,0,0,4,1,0,false
C:\QtScrcpy-dev\server\src\main\java\com\genymobile\scrcpy\ScreenInfo.java,com.genymobile.scrcpy.ScreenInfo,"computeVideoSize/3[int,int,int]",false,110,1,2,1,1,9,0,20,1,4,3,0,0,0,0,1,0,1,1,7,10,4,2,0,0,0,18,10,0,false
C:\QtScrcpy-dev\server\src\main\java\com\genymobile\scrcpy\ScreenInfo.java,com.genymobile.scrcpy.ScreenInfo,getVideoSize/0,false,53,2,4,2,2,2,2,6,2,0,0,2,1,1,0,1,0,0,0,2,0,1,1,0,0,0,13,1,0,true
C:\QtScrcpy-dev\server\src\main\java\com\genymobile\scrcpy\ScreenInfo.java,com.genymobile.scrcpy.ScreenInfo,getUnlockedVideoSize/0,false,44,1,2,2,0,1,0,3,1,0,0,0,0,0,0,0,0,0,0,0,0,0,0,0,0,0,14,1,0,true
C:\QtScrcpy-dev\server\src\main\java\com\genymobile\scrcpy\ScreenInfo.java,com.genymobile.scrcpy.ScreenInfo,getVideoRotation/0,false,146,0,2,2,0,2,0,6,2,0,0,0,0,0,0,1,0,1,0,4,0,3,1,0,0,0,15,1,0,true
C:\QtScrcpy-dev\server\src\main\java\com\genymobile\scrcpy\ScreenInfo.java,com.genymobile.scrcpy.ScreenInfo,getReverseVideoRotation/0,false,159,0,2,2,0,2,0,6,2,0,0,0,0,0,0,1,0,1,0,4,0,3,1,0,0,0,17,1,0,true
C:\QtScrcpy-dev\server\src\main\java\com\genymobile\scrcpy\ScreenInfo.java,com.genymobile.scrcpy.ScreenInfo,getDeviceRotation/0,false,61,0,0,0,0,1,0,3,1,0,0,0,0,0,0,0,0,0,0,0,0,0,0,0,0,0,4,1,0,false
C:\QtScrcpy-dev\server\src\main\java\com\genymobile\scrcpy\ScreenInfo.java,com.genymobile.scrcpy.ScreenInfo,withDeviceRotation/1[int],false,65,3,4,1,3,4,2,17,2,3,1,2,1,1,0,2,0,1,0,2,5,2,1,0,0,0,17,1,0,false
C:\QtScrcpy-dev\server\src\main\java\com\genymobile\scrcpy\ScreenInfo.java,com.genymobile.scrcpy.ScreenInfo,"computeScreenInfo/5[int,com.genymobile.scrcpy.Size,com.genymobile.scrcpy.Rect,int,int]",false,83,4,10,2,8,5,10,17,1,2,5,10,3,1,0,3,0,0,3,4,5,2,2,0,0,0,22,9,0,false
C:\QtScrcpy-dev\server\src\main\java\com\genymobile\scrcpy\ScreenInfo.java,com.genymobile.scrcpy.ScreenInfo,"ScreenInfo/4[com.genymobile.scrcpy.Rect,com.genymobile.scrcpy.Size,int,int]",true,28,2,2,2,0,1,0,6,0,0,4,0,0,0,0,0,0,0,0,0,4,0,0,0,0,0,11,1,0,false
C:\QtScrcpy-dev\server\src\main\java\com\genymobile\scrcpy\ScreenInfo.java,com.genymobile.scrcpy.ScreenInfo,formatCrop/1[com.genymobile.scrcpy.Rect],false,106,1,1,1,0,1,2,3,1,0,1,2,0,0,0,0,0,0,3,0,0,1,0,0,0,0,4,10,0,false
C:\QtScrcpy-dev\server\src\main\java\com\genymobile\scrcpy\ScreenInfo.java,com.genymobile.scrcpy.ScreenInfo,flipRect/1[com.genymobile.scrcpy.Rect],false,137,1,2,2,0,1,0,3,1,0,1,0,0,0,0,0,0,0,0,0,0,0,0,0,0,0,3,10,0,false
C:\QtScrcpy-dev\server\src\main\java\com\genymobile\scrcpy\wrappers\DisplayManager.java,com.genymobile.scrcpy.wrappers.DisplayManager,getDisplayIds/0,false,34,1,1,1,0,2,3,8,1,0,0,3,0,0,0,0,1,0,1,0,0,0,1,0,0,0,8,1,0,false
C:\QtScrcpy-dev\server\src\main\java\com\genymobile\scrcpy\wrappers\DisplayManager.java,com.genymobile.scrcpy.wrappers.DisplayManager,getDisplayInfo/1[int],false,15,2,3,1,2,3,6,18,2,7,1,6,0,0,0,1,1,0,6,0,7,0,2,0,0,0,19,1,0,false
C:\QtScrcpy-dev\server\src\main\java\com\genymobile\scrcpy\wrappers\DisplayManager.java,com.genymobile.scrcpy.wrappers.DisplayManager,DisplayManager/1[com.genymobile.scrcpy.wrappers.IInterface],true,11,1,1,1,0,1,0,3,0,0,1,0,0,0,0,0,0,0,0,0,1,0,0,0,0,0,5,1,0,false
C:\QtScrcpy-dev\server\src\main\java\com\genymobile\scrcpy\ScreenEncoder.java,com.genymobile.scrcpy.ScreenEncoder,"setSize/3[com.genymobile.scrcpy.MediaFormat,int,int]",false,285,1,1,1,0,1,1,4,0,0,3,1,0,0,0,0,0,0,0,0,0,0,0,0,0,0,5,10,0,false
C:\QtScrcpy-dev\server\src\main\java\com\genymobile\scrcpy\ScreenEncoder.java,com.genymobile.scrcpy.ScreenEncoder,"internalStreamScreen/2[com.genymobile.scrcpy.Device,java.io.FileDescriptor]",false,77,10,21,1,20,7,29,51,0,12,2,29,9,4,1,2,2,0,4,1,14,2,4,0,0,0,54,2,0,false
C:\QtScrcpy-dev\server\src\main\java\com\genymobile\scrcpy\ScreenEncoder.java,com.genymobile.scrcpy.ScreenEncoder,listEncoders/0,false,204,2,1,1,0,4,8,10,1,2,0,8,0,0,1,0,0,0,0,0,2,0,2,0,0,0,8,10,0,false
C:\QtScrcpy-dev\server\src\main\java\com\genymobile\scrcpy\ScreenEncoder.java,com.genymobile.scrcpy.ScreenEncoder,"configure/2[com.genymobile.scrcpy.MediaCodec,com.genymobile.scrcpy.MediaFormat]",false,281,2,1,1,0,1,1,3,0,0,2,1,0,0,0,0,0,0,0,0,0,0,0,0,0,0,4,10,0,false
C:\QtScrcpy-dev\server\src\main\java\com\genymobile\scrcpy\ScreenEncoder.java,com.genymobile.scrcpy.ScreenEncoder,createDisplay/0,false,273,3,2,1,1,3,2,4,1,1,0,2,0,0,0,1,0,1,2,0,1,0,0,0,0,0,5,10,0,false
C:\QtScrcpy-dev\server\src\main\java\com\genymobile\scrcpy\ScreenEncoder.java,com.genymobile.scrcpy.ScreenEncoder,onRotationChanged/1[int],false,58,0,0,0,0,1,1,3,0,0,1,1,0,0,0,0,0,0,0,0,0,0,0,0,0,0,5,1,0,false
C:\QtScrcpy-dev\server\src\main\java\com\genymobile\scrcpy\ScreenEncoder.java,com.genymobile.scrcpy.ScreenEncoder,"streamScreen/2[com.genymobile.scrcpy.Device,java.io.FileDescriptor]",false,66,3,4,1,3,2,4,7,0,0,2,4,1,5,0,0,0,0,1,0,0,0,1,0,0,0,9,1,0,false
C:\QtScrcpy-dev\server\src\main\java\com\genymobile\scrcpy\ScreenEncoder.java,com.genymobile.scrcpy.ScreenEncoder,"ScreenEncoder/6[boolean,int,int,java.util.List<com.genymobile.scrcpy.CodecOption>,java.lang.String,boolean]",true,48,1,1,1,0,1,0,8,0,0,6,0,0,0,0,0,0,0,0,0,6,0,0,0,0,0,16,1,0,false
C:\QtScrcpy-dev\server\src\main\java\com\genymobile\scrcpy\ScreenEncoder.java,com.genymobile.scrcpy.ScreenEncoder,"encode/2[com.genymobile.scrcpy.MediaCodec,java.io.FileDescriptor]",false,147,3,4,1,3,9,7,29,1,4,2,7,2,1,1,2,1,2,0,5,6,0,4,0,0,0,26,2,0,false
C:\QtScrcpy-dev\server\src\main\java\com\genymobile\scrcpy\ScreenEncoder.java,com.genymobile.scrcpy.ScreenEncoder,consumeRotationChange/0,false,62,0,1,1,0,1,1,3,1,0,0,1,0,0,0,0,0,0,0,0,0,0,0,0,0,0,4,1,0,false
C:\QtScrcpy-dev\server\src\main\java\com\genymobile\scrcpy\ScreenEncoder.java,com.genymobile.scrcpy.ScreenEncoder,destroyDisplay/1[com.genymobile.scrcpy.IBinder],false,301,2,2,1,1,1,1,3,0,0,1,1,0,0,0,0,0,0,0,0,0,0,0,0,0,0,5,10,0,false
C:\QtScrcpy-dev\server\src\main\java\com\genymobile\scrcpy\ScreenEncoder.java,com.genymobile.scrcpy.ScreenEncoder,chooseMaxSizeFallback/1[com.genymobile.scrcpy.Size],false,135,1,3,1,2,3,3,9,2,1,1,3,0,0,1,0,0,0,0,1,1,0,2,0,0,0,20,10,0,false
C:\QtScrcpy-dev\server\src\main\java\com\genymobile\scrcpy\ScreenEncoder.java,com.genymobile.scrcpy.ScreenEncoder,createCodec/1[java.lang.String],false,215,5,4,1,3,3,5,15,2,2,1,5,1,1,0,1,1,0,4,0,2,2,2,0,0,0,19,10,0,false
C:\QtScrcpy-dev\server\src\main\java\com\genymobile\scrcpy\ScreenEncoder.java,com.genymobile.scrcpy.ScreenEncoder,"createFormat/3[int,int,java.util.List<com.genymobile.scrcpy.CodecOption>]",false,247,3,2,1,1,4,5,18,1,1,3,5,1,1,1,1,0,0,0,2,1,0,2,0,0,0,13,10,0,false
C:\QtScrcpy-dev\server\src\main\java\com\genymobile\scrcpy\ScreenEncoder.java,com.genymobile.scrcpy.ScreenEncoder,"setDisplaySurface/6[com.genymobile.scrcpy.IBinder,com.genymobile.scrcpy.Surface,int,com.genymobile.scrcpy.Rect,com.genymobile.scrcpy.Rect,int]",false,290,4,6,1,5,1,5,11,0,0,6,5,0,0,0,0,1,0,0,0,0,0,1,0,0,0,7,10,0,false
C:\QtScrcpy-dev\server\src\main\java\com\genymobile\scrcpy\ScreenEncoder.java,com.genymobile.scrcpy.ScreenEncoder,"setCodecOption/2[com.genymobile.scrcpy.MediaFormat,com.genymobile.scrcpy.CodecOption]",false,230,3,4,1,3,5,9,17,0,2,2,9,0,0,0,0,0,0,3,0,2,1,1,0,0,0,13,10,0,false
C:\QtScrcpy-dev\server\src\main\java\com\genymobile\scrcpy\ScreenEncoder.java,com.genymobile.scrcpy.ScreenEncoder,"writeFrameMeta/3[java.io.FileDescriptor,MediaCodec.BufferInfo,int]",false,182,2,2,1,1,6,5,20,0,1,3,5,0,0,0,3,0,2,0,3,4,1,2,0,0,0,26,2,0,false
C:\QtScrcpy-dev\server\src\main\java\com\genymobile\scrcpy\Options.java,com.genymobile.scrcpy.Options,setMaxFps/1[int],false,60,0,1,1,0,1,0,3,0,0,1,0,0,0,0,0,0,0,0,0,1,0,0,0,0,0,4,1,0,false
C:\QtScrcpy-dev\server\src\main\java\com\genymobile\scrcpy\Options.java,com.genymobile.scrcpy.Options,getCodecOptions/0,false,120,1,1,1,0,1,0,3,1,0,0,0,0,0,0,0,0,0,0,0,0,0,0,0,0,0,4,1,0,false
C:\QtScrcpy-dev\server\src\main\java\com\genymobile\scrcpy\Options.java,com.genymobile.scrcpy.Options,getCleanup/0,false,160,0,1,1,0,1,0,3,1,0,0,0,0,0,0,0,0,0,0,0,0,0,0,0,0,0,3,1,0,false
C:\QtScrcpy-dev\server\src\main\java\com\genymobile\scrcpy\Options.java,com.genymobile.scrcpy.Options,getMaxSize/0,false,40,0,1,1,0,1,0,3,1,0,0,0,0,0,0,0,0,0,0,0,0,0,0,0,0,0,4,1,0,false
C:\QtScrcpy-dev\server\src\main\java\com\genymobile\scrcpy\Options.java,com.genymobile.scrcpy.Options,getDisplayId/0,false,96,0,2,2,0,1,0,3,1,0,0,0,0,0,0,0,0,0,0,0,0,0,0,0,0,0,4,1,0,false
C:\QtScrcpy-dev\server\src\main\java\com\genymobile\scrcpy\Options.java,com.genymobile.scrcpy.Options,setStayAwake/1[boolean],false,116,0,1,1,0,1,0,3,0,0,1,0,0,0,0,0,0,0,0,0,1,0,0,0,0,0,4,1,0,false
C:\QtScrcpy-dev\server\src\main\java\com\genymobile\scrcpy\Options.java,com.genymobile.scrcpy.Options,setPowerOffScreenOnClose/1[boolean],false,136,0,1,1,0,1,0,3,0,0,1,0,0,0,0,0,0,0,0,0,1,0,0,0,0,0,7,1,0,false
C:\QtScrcpy-dev\server\src\main\java\com\genymobile\scrcpy\Options.java,com.genymobile.scrcpy.Options,setCodecOptions/1[java.util.List<com.genymobile.scrcpy.CodecOption>],false,124,1,1,1,0,1,0,3,0,0,1,0,0,0,0,0,0,0,0,0,1,0,0,0,0,0,4,1,0,false
C:\QtScrcpy-dev\server\src\main\java\com\genymobile\scrcpy\Options.java,com.genymobile.scrcpy.Options,getSendFrameMeta/0,false,184,0,1,1,0,1,0,3,1,0,0,0,0,0,0,0,0,0,0,0,0,0,0,0,0,0,5,1,0,false
C:\QtScrcpy-dev\server\src\main\java\com\genymobile\scrcpy\Options.java,com.genymobile.scrcpy.Options,setBitRate/1[int],false,52,0,1,1,0,1,0,3,0,0,1,0,0,0,0,0,0,0,0,0,1,0,0,0,0,0,4,1,0,false
C:\QtScrcpy-dev\server\src\main\java\com\genymobile\scrcpy\Options.java,com.genymobile.scrcpy.Options,setDownsizeOnError/1[boolean],false,156,0,1,1,0,1,0,3,0,0,1,0,0,0,0,0,0,0,0,0,1,0,0,0,0,0,5,1,0,false
C:\QtScrcpy-dev\server\src\main\java\com\genymobile\scrcpy\Options.java,com.genymobile.scrcpy.Options,setCleanup/1[boolean],false,164,0,1,1,0,1,0,3,0,0,1,0,0,0,0,0,0,0,0,0,1,0,0,0,0,0,3,1,0,false
C:\QtScrcpy-dev\server\src\main\java\com\genymobile\scrcpy\Options.java,com.genymobile.scrcpy.Options,getLockVideoOrientation/0,false,64,0,1,1,0,1,0,3,1,0,0,0,0,0,0,0,0,0,0,0,0,0,0,0,0,0,5,1,0,false
C:\QtScrcpy-dev\server\src\main\java\com\genymobile\scrcpy\Options.java,com.genymobile.scrcpy.Options,isTunnelForward/0,false,72,0,1,1,0,1,0,3,1,0,0,0,0,0,0,0,0,0,0,0,0,0,0,0,0,0,4,1,0,false
C:\QtScrcpy-dev\server\src\main\java\com\genymobile\scrcpy\Options.java,com.genymobile.scrcpy.Options,setControl/1[boolean],false,92,0,1,1,0,1,0,3,0,0,1,0,0,0,0,0,0,0,0,0,1,0,0,0,0,0,3,1,0,false
C:\QtScrcpy-dev\server\src\main\java\com\genymobile\scrcpy\Options.java,com.genymobile.scrcpy.Options,getSendDummyByte/0,false,192,0,1,1,0,1,0,3,1,0,0,0,0,0,0,0,0,0,0,0,0,0,0,0,0,0,5,1,0,false
C:\QtScrcpy-dev\server\src\main\java\com\genymobile\scrcpy\Options.java,com.genymobile.scrcpy.Options,setShowTouches/1[boolean],false,108,0,1,1,0,1,0,3,0,0,1,0,0,0,0,0,0,0,0,0,1,0,0,0,0,0,4,1,0,false
C:\QtScrcpy-dev\server\src\main\java\com\genymobile\scrcpy\Options.java,com.genymobile.scrcpy.Options,getClipboardAutosync/0,false,144,0,2,2,0,1,0,3,1,0,0,0,0,0,0,0,0,0,0,0,0,0,0,0,0,0,4,1,0,false
C:\QtScrcpy-dev\server\src\main\java\com\genymobile\scrcpy\Options.java,com.genymobile.scrcpy.Options,getShowTouches/0,false,104,0,1,1,0,1,0,3,1,0,0,0,0,0,0,0,0,0,0,0,0,0,0,0,0,0,4,1,0,false
C:\QtScrcpy-dev\server\src\main\java\com\genymobile\scrcpy\Options.java,com.genymobile.scrcpy.Options,setSendDummyByte/1[boolean],false,196,0,1,1,0,1,0,3,0,0,1,0,0,0,0,0,0,0,0,0,1,0,0,0,0,0,5,1,0,false
C:\QtScrcpy-dev\server\src\main\java\com\genymobile\scrcpy\Options.java,com.genymobile.scrcpy.Options,setSendDeviceMeta/1[boolean],false,180,0,1,1,0,1,0,3,0,0,1,0,0,0,0,0,0,0,0,0,1,0,0,0,0,0,5,1,0,false
C:\QtScrcpy-dev\server\src\main\java\com\genymobile\scrcpy\Options.java,com.genymobile.scrcpy.Options,setLogLevel/1[com.genymobile.scrcpy.Ln.Level],false,36,1,1,1,0,1,0,3,0,0,1,0,0,0,0,0,0,0,0,0,1,0,0,0,0,0,4,1,0,false
C:\QtScrcpy-dev\server\src\main\java\com\genymobile\scrcpy\Options.java,com.genymobile.scrcpy.Options,getMaxFps/0,false,56,0,1,1,0,1,0,3,1,0,0,0,0,0,0,0,0,0,0,0,0,0,0,0,0,0,4,1,0,false
C:\QtScrcpy-dev\server\src\main\java\com\genymobile\scrcpy\Options.java,com.genymobile.scrcpy.Options,setLockVideoOrientation/1[int],false,68,0,1,1,0,1,0,3,0,0,1,0,0,0,0,0,0,0,0,0,1,0,0,0,0,0,5,1,0,false
C:\QtScrcpy-dev\server\src\main\java\com\genymobile\scrcpy\Options.java,com.genymobile.scrcpy.Options,setCrop/1[com.genymobile.scrcpy.Rect],false,84,1,1,1,0,1,0,3,0,0,1,0,0,0,0,0,0,0,0,0,1,0,0,0,0,0,4,1,0,false
C:\QtScrcpy-dev\server\src\main\java\com\genymobile\scrcpy\Options.java,com.genymobile.scrcpy.Options,getEncoderName/0,false,128,0,1,1,0,1,0,3,1,0,0,0,0,0,0,0,0,0,0,0,0,0,0,0,0,0,4,1,0,false
C:\QtScrcpy-dev\server\src\main\java\com\genymobile\scrcpy\Options.java,com.genymobile.scrcpy.Options,setEncoderName/1[java.lang.String],false,132,0,1,1,0,1,0,3,0,0,1,0,0,0,0,0,0,0,0,0,1,0,0,0,0,0,4,1,0,false
C:\QtScrcpy-dev\server\src\main\java\com\genymobile\scrcpy\Options.java,com.genymobile.scrcpy.Options,setMaxSize/1[int],false,44,0,1,1,0,1,0,3,0,0,1,0,0,0,0,0,0,0,0,0,1,0,0,0,0,0,4,1,0,false
C:\QtScrcpy-dev\server\src\main\java\com\genymobile\scrcpy\Options.java,com.genymobile.scrcpy.Options,setDisplayId/1[int],false,100,0,1,1,0,1,0,3,0,0,1,0,0,0,0,0,0,0,0,0,1,0,0,0,0,0,4,1,0,false
C:\QtScrcpy-dev\server\src\main\java\com\genymobile\scrcpy\Options.java,com.genymobile.scrcpy.Options,getCrop/0,false,80,1,1,1,0,1,0,3,1,0,0,0,0,0,0,0,0,0,0,0,0,0,0,0,0,0,4,1,0,false
C:\QtScrcpy-dev\server\src\main\java\com\genymobile\scrcpy\Options.java,com.genymobile.scrcpy.Options,setPowerOn/1[boolean],false,172,0,1,1,0,1,0,3,0,0,1,0,0,0,0,0,0,0,0,0,1,0,0,0,0,0,4,1,0,false
C:\QtScrcpy-dev\server\src\main\java\com\genymobile\scrcpy\Options.java,com.genymobile.scrcpy.Options,getPowerOffScreenOnClose/0,false,140,0,1,1,0,1,0,3,1,0,0,0,0,0,0,0,0,0,0,0,0,0,0,0,0,0,6,1,0,false
C:\QtScrcpy-dev\server\src\main\java\com\genymobile\scrcpy\Options.java,com.genymobile.scrcpy.Options,getSendDeviceMeta/0,false,176,0,1,1,0,1,0,3,1,0,0,0,0,0,0,0,0,0,0,0,0,0,0,0,0,0,5,1,0,false
C:\QtScrcpy-dev\server\src\main\java\com\genymobile\scrcpy\Options.java,com.genymobile.scrcpy.Options,getStayAwake/0,false,112,0,1,1,0,1,0,3,1,0,0,0,0,0,0,0,0,0,0,0,0,0,0,0,0,0,4,1,0,false
C:\QtScrcpy-dev\server\src\main\java\com\genymobile\scrcpy\Options.java,com.genymobile.scrcpy.Options,setClipboardAutosync/1[boolean],false,148,0,1,1,0,1,0,3,0,0,1,0,0,0,0,0,0,0,0,0,1,0,0,0,0,0,4,1,0,false
C:\QtScrcpy-dev\server\src\main\java\com\genymobile\scrcpy\Options.java,com.genymobile.scrcpy.Options,getControl/0,false,88,0,3,3,0,1,0,3,1,0,0,0,0,0,0,0,0,0,0,0,0,0,0,0,0,0,3,1,0,false
C:\QtScrcpy-dev\server\src\main\java\com\genymobile\scrcpy\Options.java,com.genymobile.scrcpy.Options,getDownsizeOnError/0,false,152,0,1,1,0,1,0,3,1,0,0,0,0,0,0,0,0,0,0,0,0,0,0,0,0,0,5,1,0,false
C:\QtScrcpy-dev\server\src\main\java\com\genymobile\scrcpy\Options.java,com.genymobile.scrcpy.Options,getLogLevel/0,false,32,1,1,1,0,1,0,3,1,0,0,0,0,0,0,0,0,0,0,0,0,0,0,0,0,0,4,1,0,false
C:\QtScrcpy-dev\server\src\main\java\com\genymobile\scrcpy\Options.java,com.genymobile.scrcpy.Options,getBitRate/0,false,48,0,1,1,0,1,0,3,1,0,0,0,0,0,0,0,0,0,0,0,0,0,0,0,0,0,4,1,0,false
C:\QtScrcpy-dev\server\src\main\java\com\genymobile\scrcpy\Options.java,com.genymobile.scrcpy.Options,setTunnelForward/1[boolean],false,76,0,1,1,0,1,0,3,0,0,1,0,0,0,0,0,0,0,0,0,1,0,0,0,0,0,4,1,0,false
C:\QtScrcpy-dev\server\src\main\java\com\genymobile\scrcpy\Options.java,com.genymobile.scrcpy.Options,getPowerOn/0,false,168,0,1,1,0,1,0,3,1,0,0,0,0,0,0,0,0,0,0,0,0,0,0,0,0,0,4,1,0,false
C:\QtScrcpy-dev\server\src\main\java\com\genymobile\scrcpy\Options.java,com.genymobile.scrcpy.Options,setSendFrameMeta/1[boolean],false,188,0,1,1,0,1,0,3,0,0,1,0,0,0,0,0,0,0,0,0,1,0,0,0,0,0,5,1,0,false
C:\QtScrcpy-dev\server\src\main\java\com\genymobile\scrcpy\Device.java,com.genymobile.scrcpy.Device$RotationListener,onRotationChanged/1[int],false,38,0,1,1,0,1,0,1,0,0,1,0,0,0,0,0,0,0,0,0,0,0,0,0,0,0,4,0,0,false
C:\QtScrcpy-dev\server\src\main\java\com\genymobile\scrcpy\Position.java,com.genymobile.scrcpy.Position,rotate/1[int],false,26,3,8,1,7,4,5,12,4,0,1,5,0,0,0,0,0,0,0,3,0,4,1,0,0,0,4,1,0,false
C:\QtScrcpy-dev\server\src\main\java\com\genymobile\scrcpy\Position.java,com.genymobile.scrcpy.Position,hashCode/0,false,52,0,0,0,0,1,1,3,1,0,0,1,0,0,0,0,0,0,0,0,0,0,0,0,0,0,2,1,0,false
C:\QtScrcpy-dev\server\src\main\java\com\genymobile\scrcpy\Position.java,com.genymobile.scrcpy.Position,"Position/4[int,int,int,int]",true,14,2,3,1,2,1,0,3,0,0,4,0,0,0,0,0,0,0,0,0,0,0,0,0,0,0,5,1,0,false
C:\QtScrcpy-dev\server\src\main\java\com\genymobile\scrcpy\Position.java,com.genymobile.scrcpy.Position,getPoint/0,false,18,1,3,3,0,1,0,3,1,0,0,0,0,0,0,0,0,0,0,0,0,0,0,0,0,0,3,1,0,false
C:\QtScrcpy-dev\server\src\main\java\com\genymobile\scrcpy\Position.java,com.genymobile.scrcpy.Position,"Position/2[com.genymobile.scrcpy.Point,com.genymobile.scrcpy.Size]",true,9,2,1,1,0,1,0,4,0,0,2,0,0,0,0,0,0,0,0,0,2,0,0,0,0,0,5,1,0,false
C:\QtScrcpy-dev\server\src\main\java\com\genymobile\scrcpy\Position.java,com.genymobile.scrcpy.Position,getScreenSize/0,false,22,1,3,3,0,1,0,3,1,0,0,0,0,0,0,0,0,0,0,0,0,0,0,0,0,0,4,1,0,false
C:\QtScrcpy-dev\server\src\main\java\com\genymobile\scrcpy\Position.java,com.genymobile.scrcpy.Position,equals/1[java.lang.Object],false,40,1,0,0,0,4,2,10,3,1,1,2,0,0,0,3,0,0,0,0,1,0,1,0,0,0,10,1,0,false
C:\QtScrcpy-dev\server\src\main\java\com\genymobile\scrcpy\Position.java,com.genymobile.scrcpy.Position,toString/0,false,57,0,0,0,0,1,0,3,1,0,0,0,0,0,0,0,0,0,3,0,0,2,0,0,0,0,5,1,0,false
C:\QtScrcpy-dev\server\src\main\java\com\genymobile\scrcpy\Pointer.java,com.genymobile.scrcpy.Pointer,getId/0,false,24,0,1,1,0,1,0,3,1,0,0,0,0,0,0,0,0,0,0,0,0,0,0,0,0,0,3,1,0,false
C:\QtScrcpy-dev\server\src\main\java\com\genymobile\scrcpy\Pointer.java,com.genymobile.scrcpy.Pointer,getPressure/0,false,40,0,1,1,0,1,0,3,1,0,0,0,0,0,0,0,0,0,0,0,0,0,0,0,0,0,3,1,0,false
C:\QtScrcpy-dev\server\src\main\java\com\genymobile\scrcpy\Pointer.java,com.genymobile.scrcpy.Pointer,isUp/0,false,48,0,1,1,0,1,0,3,1,0,0,0,0,0,0,0,0,0,0,0,0,0,0,0,0,0,3,1,0,false
C:\QtScrcpy-dev\server\src\main\java\com\genymobile\scrcpy\Pointer.java,com.genymobile.scrcpy.Pointer,getPoint/0,false,32,1,1,1,0,1,0,3,1,0,0,0,0,0,0,0,0,0,0,0,0,0,0,0,0,0,3,1,0,false
C:\QtScrcpy-dev\server\src\main\java\com\genymobile\scrcpy\Pointer.java,com.genymobile.scrcpy.Pointer,"Pointer/2[long,int]",true,19,0,1,1,0,1,0,4,0,0,2,0,0,0,0,0,0,0,0,0,2,0,0,0,0,0,4,1,0,false
C:\QtScrcpy-dev\server\src\main\java\com\genymobile\scrcpy\Pointer.java,com.genymobile.scrcpy.Pointer,setUp/1[boolean],false,52,0,1,1,0,1,0,3,0,0,1,0,0,0,0,0,0,0,0,0,1,0,0,0,0,0,3,1,0,false
C:\QtScrcpy-dev\server\src\main\java\com\genymobile\scrcpy\Pointer.java,com.genymobile.scrcpy.Pointer,getLocalId/0,false,28,0,2,2,0,1,0,3,1,0,0,0,0,0,0,0,0,0,0,0,0,0,0,0,0,0,4,1,0,false
C:\QtScrcpy-dev\server\src\main\java\com\genymobile\scrcpy\Pointer.java,com.genymobile.scrcpy.Pointer,setPoint/1[com.genymobile.scrcpy.Point],false,36,1,1,1,0,1,0,3,0,0,1,0,0,0,0,0,0,0,0,0,1,0,0,0,0,0,3,1,0,false
C:\QtScrcpy-dev\server\src\main\java\com\genymobile\scrcpy\Pointer.java,com.genymobile.scrcpy.Pointer,setPressure/1[float],false,44,0,1,1,0,1,0,3,0,0,1,0,0,0,0,0,0,0,0,0,1,0,0,0,0,0,3,1,0,false
C:\QtScrcpy-dev\server\src\main\java\com\genymobile\scrcpy\PointersState.java,com.genymobile.scrcpy.PointersState,"update/2[MotionEvent.PointerProperties[],MotionEvent.PointerCoords[]]",false,75,5,7,1,6,2,8,13,1,4,2,8,1,1,1,0,0,0,0,1,8,0,1,0,0,0,23,1,0,true
C:\QtScrcpy-dev\server\src\main\java\com\genymobile\scrcpy\PointersState.java,com.genymobile.scrcpy.PointersState,nextUnusedLocalId/0,false,34,1,2,1,1,3,1,8,2,1,0,1,1,1,1,0,0,0,0,2,1,0,2,0,0,0,19,2,0,false
C:\QtScrcpy-dev\server\src\main\java\com\genymobile\scrcpy\PointersState.java,com.genymobile.scrcpy.PointersState,cleanUp/0,false,95,1,2,1,1,3,4,8,0,2,0,4,0,0,1,0,0,0,0,2,2,1,2,0,0,0,10,2,0,true
C:\QtScrcpy-dev\server\src\main\java\com\genymobile\scrcpy\PointersState.java,com.genymobile.scrcpy.PointersState,get/1[int],false,43,1,1,1,0,1,1,3,1,0,1,1,0,0,0,0,0,0,0,0,0,0,0,0,0,0,3,1,0,false
C:\QtScrcpy-dev\server\src\main\java\com\genymobile\scrcpy\PointersState.java,com.genymobile.scrcpy.PointersState,indexOf/1[long],false,14,1,2,1,1,3,3,9,2,2,1,3,0,0,1,1,0,0,0,2,2,0,2,0,0,0,6,2,0,false
C:\QtScrcpy-dev\server\src\main\java\com\genymobile\scrcpy\PointersState.java,com.genymobile.scrcpy.PointersState,isLocalIdAvailable/1[int],false,24,1,2,1,1,3,3,9,2,2,1,3,0,0,1,1,0,0,0,1,2,0,2,0,0,0,10,2,0,false
C:\QtScrcpy-dev\server\src\main\java\com\genymobile\scrcpy\PointersState.java,com.genymobile.scrcpy.PointersState,getPointerIndex/1[long],false,47,2,4,1,3,4,4,16,3,3,1,4,2,2,0,2,0,0,1,4,3,1,1,0,0,0,32,1,0,false
C:\QtScrcpy-dev\server\src\main\java\com\genymobile\scrcpy\Size.java,com.genymobile.scrcpy.Size,toString/0,false,50,0,0,0,0,1,0,3,1,0,0,0,0,0,0,0,0,0,3,0,0,2,0,0,0,0,4,1,0,false
C:\QtScrcpy-dev\server\src\main\java\com\genymobile\scrcpy\Size.java,com.genymobile.scrcpy.Size,getHeight/0,false,20,0,7,7,0,1,0,3,1,0,0,0,0,0,0,0,0,0,0,0,0,0,0,0,0,0,3,1,0,false
C:\QtScrcpy-dev\server\src\main\java\com\genymobile\scrcpy\Size.java,com.genymobile.scrcpy.Size,equals/1[java.lang.Object],false,33,1,1,1,0,6,1,10,3,1,1,1,0,0,0,5,0,0,0,0,1,0,1,0,0,0,12,1,0,false
C:\QtScrcpy-dev\server\src\main\java\com\genymobile\scrcpy\Size.java,com.genymobile.scrcpy.Size,toRect/0,false,28,1,2,2,0,1,0,3,1,0,0,0,0,0,0,0,0,0,0,2,0,0,0,0,0,0,2,1,0,false
C:\QtScrcpy-dev\server\src\main\java\com\genymobile\scrcpy\Size.java,com.genymobile.scrcpy.Size,getWidth/0,false,16,0,7,7,0,1,0,3,1,0,0,0,0,0,0,0,0,0,0,0,0,0,0,0,0,0,3,1,0,false
C:\QtScrcpy-dev\server\src\main\java\com\genymobile\scrcpy\Size.java,com.genymobile.scrcpy.Size,rotate/0,false,24,1,4,3,1,1,0,3,1,0,0,0,0,0,0,0,0,0,0,0,0,0,0,0,0,0,2,1,0,false
C:\QtScrcpy-dev\server\src\main\java\com\genymobile\scrcpy\Size.java,com.genymobile.scrcpy.Size,"Size/2[int,int]",true,11,0,4,4,0,1,0,4,0,0,2,0,0,0,0,0,0,0,0,0,2,0,0,0,0,0,3,1,0,false
C:\QtScrcpy-dev\server\src\main\java\com\genymobile\scrcpy\Size.java,com.genymobile.scrcpy.Size,hashCode/0,false,45,0,0,0,0,1,1,3,1,0,0,1,0,0,0,0,0,0,0,0,0,0,0,0,0,0,2,1,0,false
C:\QtScrcpy-dev\server\src\main\java\com\genymobile\scrcpy\Command.java,com.genymobile.scrcpy.Command,execReadLine/1[java.lang.String[]],false,20,0,1,1,0,3,7,13,1,4,1,7,0,0,0,1,0,0,2,1,5,1,1,0,0,0,19,9,0,false
C:\QtScrcpy-dev\server\src\main\java\com\genymobile\scrcpy\Command.java,com.genymobile.scrcpy.Command,Command/0,true,8,0,0,0,0,1,0,2,0,0,0,0,0,0,0,0,0,0,0,0,0,0,0,0,0,0,1,2,0,false
C:\QtScrcpy-dev\server\src\main\java\com\genymobile\scrcpy\Command.java,com.genymobile.scrcpy.Command,exec/1[java.lang.String[]],false,12,0,1,1,0,2,4,7,0,2,1,4,0,0,0,1,0,0,2,1,2,1,1,0,0,0,13,9,0,false
C:\QtScrcpy-dev\server\src\main\java\com\genymobile\scrcpy\CleanUp.java,com.genymobile.scrcpy.CleanUp$Config,deserialize/1[byte[]],false,97,3,1,1,0,1,4,6,1,1,1,4,0,0,0,0,0,0,0,2,1,0,0,0,0,0,5,8,0,false
C:\QtScrcpy-dev\server\src\main\java\com\genymobile\scrcpy\CleanUp.java,com.genymobile.scrcpy.CleanUp$Config,fromBase64/1[java.lang.String],false,104,2,2,1,1,1,2,4,1,1,1,2,1,1,0,0,0,0,0,0,1,0,0,0,0,0,6,8,0,false
C:\QtScrcpy-dev\server\src\main\java\com\genymobile\scrcpy\CleanUp.java,com.genymobile.scrcpy.CleanUp$Config,describeContents/0,false,85,0,0,0,0,1,0,3,1,0,0,0,0,0,0,0,0,0,0,1,0,0,0,0,0,0,2,1,0,false
C:\QtScrcpy-dev\server\src\main\java\com\genymobile\scrcpy\CleanUp.java,com.genymobile.scrcpy.CleanUp$Config,toBase64/0,false,109,2,2,1,1,1,2,4,1,1,0,2,1,2,0,0,0,0,0,0,1,0,0,0,0,0,4,0,0,false
C:\QtScrcpy-dev\server\src\main\java\com\genymobile\scrcpy\CleanUp.java,com.genymobile.scrcpy.CleanUp$Config,serialize/0,false,89,3,2,1,1,1,4,7,1,2,0,4,1,1,0,0,0,0,0,1,2,0,0,0,0,0,6,0,0,false
C:\QtScrcpy-dev\server\src\main\java\com\genymobile\scrcpy\CleanUp.java,com.genymobile.scrcpy.CleanUp$Config,Config/1[com.genymobile.scrcpy.Parcel],true,54,1,1,1,0,4,2,8,0,1,1,2,0,0,0,3,0,3,0,3,6,0,0,0,0,0,38,4,0,false
C:\QtScrcpy-dev\server\src\main\java\com\genymobile\scrcpy\CleanUp.java,com.genymobile.scrcpy.CleanUp$Config,Config/0,true,50,0,1,1,0,1,0,2,0,0,0,0,0,0,0,0,0,0,0,0,0,0,0,0,0,0,1,1,0,false
C:\QtScrcpy-dev\server\src\main\java\com\genymobile\scrcpy\CleanUp.java,com.genymobile.scrcpy.CleanUp$Config,hasWork/0,false,80,0,1,1,0,2,0,3,1,0,0,0,0,0,0,1,0,0,0,1,0,0,0,0,0,0,14,2,0,false
C:\QtScrcpy-dev\server\src\main\java\com\genymobile\scrcpy\CleanUp.java,com.genymobile.scrcpy.CleanUp$Config,"writeToParcel/2[com.genymobile.scrcpy.Parcel,int]",false,64,1,1,1,0,4,2,15,0,1,2,2,0,0,0,0,0,0,0,1,4,0,1,0,0,0,39,1,0,false
C:\QtScrcpy-dev\server\src\main\java\com\genymobile\scrcpy\Settings.java,com.genymobile.scrcpy.Settings,"execSettingsPut/3[java.lang.String,java.lang.String,java.lang.String]",false,22,2,3,1,2,2,1,8,0,0,3,1,0,0,0,0,1,0,3,0,0,0,1,0,0,0,9,10,0,false
C:\QtScrcpy-dev\server\src\main\java\com\genymobile\scrcpy\Settings.java,com.genymobile.scrcpy.Settings,"getValue/2[java.lang.String,java.lang.String]",false,38,5,6,1,5,3,5,11,2,1,2,5,1,1,0,0,1,0,1,0,1,0,2,0,0,0,17,1,0,false
C:\QtScrcpy-dev\server\src\main\java\com\genymobile\scrcpy\Settings.java,com.genymobile.scrcpy.Settings,"getAndPutValue/3[java.lang.String,java.lang.String,java.lang.String]",false,64,5,8,1,7,5,8,19,2,3,3,8,2,3,0,0,1,0,1,0,3,0,3,0,0,0,19,1,0,false
C:\QtScrcpy-dev\server\src\main\java\com\genymobile\scrcpy\Settings.java,com.genymobile.scrcpy.Settings,"execSettingsGet/2[java.lang.String,java.lang.String]",false,30,2,3,1,2,2,1,8,1,0,2,1,0,0,0,0,1,0,3,0,0,0,1,0,0,0,9,10,0,false
C:\QtScrcpy-dev\server\src\main\java\com\genymobile\scrcpy\Settings.java,com.genymobile.scrcpy.Settings,Settings/1[com.genymobile.scrcpy.wrappers.ServiceManager],true,18,1,1,1,0,1,0,3,0,0,1,0,0,0,0,0,0,0,0,0,1,0,0,0,0,0,4,1,0,false
C:\QtScrcpy-dev\server\src\main\java\com\genymobile\scrcpy\Settings.java,com.genymobile.scrcpy.Settings,"putValue/3[java.lang.String,java.lang.String,java.lang.String]",false,51,5,7,2,5,3,5,11,0,1,3,5,1,1,0,0,1,0,1,0,1,0,2,0,0,0,16,1,0,false
C:\QtScrcpy-dev\server\src\main\java\com\genymobile\scrcpy\DisplayInfo.java,com.genymobile.scrcpy.DisplayInfo,getRotation/0,false,28,0,1,1,0,1,0,3,1,0,0,0,0,0,0,0,0,0,0,0,0,0,0,0,0,0,3,1,0,false
C:\QtScrcpy-dev\server\src\main\java\com\genymobile\scrcpy\DisplayInfo.java,com.genymobile.scrcpy.DisplayInfo,getLayerStack/0,false,32,0,1,1,0,1,0,3,1,0,0,0,0,0,0,0,0,0,0,0,0,0,0,0,0,0,4,1,0,false
C:\QtScrcpy-dev\server\src\main\java\com\genymobile\scrcpy\DisplayInfo.java,com.genymobile.scrcpy.DisplayInfo,getDisplayId/0,false,20,0,0,0,0,1,0,3,1,0,0,0,0,0,0,0,0,0,0,0,0,0,0,0,0,0,4,1,0,false
C:\QtScrcpy-dev\server\src\main\java\com\genymobile\scrcpy\DisplayInfo.java,com.genymobile.scrcpy.DisplayInfo,"DisplayInfo/5[int,com.genymobile.scrcpy.Size,int,int,int]",true,12,1,1,1,0,1,0,7,0,0,5,0,0,0,0,0,0,0,0,0,5,0,0,0,0,0,9,1,0,false
C:\QtScrcpy-dev\server\src\main\java\com\genymobile\scrcpy\DisplayInfo.java,com.genymobile.scrcpy.DisplayInfo,getFlags/0,false,36,0,1,1,0,1,0,3,1,0,0,0,0,0,0,0,0,0,0,0,0,0,0,0,0,0,3,1,0,false
C:\QtScrcpy-dev\server\src\main\java\com\genymobile\scrcpy\DisplayInfo.java,com.genymobile.scrcpy.DisplayInfo,getSize/0,false,24,1,1,1,0,1,0,3,1,0,0,0,0,0,0,0,0,0,0,0,0,0,0,0,0,0,3,1,0,false
C:\QtScrcpy-dev\server\src\main\java\com\genymobile\scrcpy\Controller.java,com.genymobile.scrcpy.Controller$Anonymous1,run/0,false,255,2,6,0,6,1,2,4,0,0,0,2,0,0,0,0,0,0,1,0,0,0,0,0,0,0,2,1,0,false
C:\QtScrcpy-dev\server\src\main\java\com\genymobile\scrcpy\wrappers\ServiceManager.java,com.genymobile.scrcpy.wrappers.ServiceManager,"getService/2[java.lang.String,java.lang.String]",false,34,2,5,5,0,2,3,10,1,2,2,3,0,0,0,0,1,0,2,0,2,1,1,0,0,0,13,2,0,false
C:\QtScrcpy-dev\server\src\main\java\com\genymobile\scrcpy\wrappers\ServiceManager.java,com.genymobile.scrcpy.wrappers.ServiceManager,getPowerManager/0,false,71,2,3,1,2,2,1,6,1,0,0,1,1,1,0,1,0,0,2,0,1,0,1,0,0,0,6,1,0,false
C:\QtScrcpy-dev\server\src\main\java\com\genymobile\scrcpy\wrappers\ServiceManager.java,com.genymobile.scrcpy.wrappers.ServiceManager,ServiceManager/0,true,26,0,1,1,0,2,2,8,0,0,0,2,0,0,0,0,1,0,2,0,1,0,1,0,0,0,8,1,0,false
C:\QtScrcpy-dev\server\src\main\java\com\genymobile\scrcpy\wrappers\ServiceManager.java,com.genymobile.scrcpy.wrappers.ServiceManager,getDisplayManager/0,false,51,2,3,1,2,2,1,6,1,0,0,1,1,1,0,1,0,0,2,0,1,0,1,0,0,0,6,1,0,false
C:\QtScrcpy-dev\server\src\main\java\com\genymobile\scrcpy\wrappers\ServiceManager.java,com.genymobile.scrcpy.wrappers.ServiceManager,getStatusBarManager/0,false,78,2,5,3,2,2,1,6,1,0,0,1,1,1,0,1,0,0,2,0,1,0,1,0,0,0,7,1,0,false
C:\QtScrcpy-dev\server\src\main\java\com\genymobile\scrcpy\wrappers\ServiceManager.java,com.genymobile.scrcpy.wrappers.ServiceManager,getWindowManager/0,false,44,2,4,2,2,2,1,6,1,0,0,1,1,1,0,1,0,0,2,0,1,0,1,0,0,0,6,1,0,false
C:\QtScrcpy-dev\server\src\main\java\com\genymobile\scrcpy\wrappers\ServiceManager.java,com.genymobile.scrcpy.wrappers.ServiceManager,getInputManager/0,false,58,2,2,1,1,3,2,13,1,2,0,2,0,0,0,1,1,0,1,0,3,0,2,0,0,0,18,1,0,false
C:\QtScrcpy-dev\server\src\main\java\com\genymobile\scrcpy\wrappers\ServiceManager.java,com.genymobile.scrcpy.wrappers.ServiceManager,getClipboardManager/0,false,85,3,5,3,2,3,1,10,2,1,0,1,1,1,0,2,0,0,2,0,2,0,2,0,0,0,8,1,0,false
C:\QtScrcpy-dev\server\src\main\java\com\genymobile\scrcpy\wrappers\ServiceManager.java,com.genymobile.scrcpy.wrappers.ServiceManager,getActivityManager/0,false,99,2,4,3,1,3,3,14,1,3,0,3,0,0,0,1,1,0,2,0,4,0,2,0,0,0,15,1,0,false
C:\QtScrcpy-dev\server\src\main\java\com\genymobile\scrcpy\CodecOption.java,com.genymobile.scrcpy.CodecOption,parse/1[java.lang.String],false,23,1,9,8,1,8,8,40,2,5,1,8,1,1,1,0,0,0,0,2,8,0,3,0,0,0,13,9,0,false
C:\QtScrcpy-dev\server\src\main\java\com\genymobile\scrcpy\CodecOption.java,com.genymobile.scrcpy.CodecOption,getKey/0,false,15,0,8,8,0,1,0,3,1,0,0,0,0,0,0,0,0,0,0,0,0,0,0,0,0,0,3,1,0,false
C:\QtScrcpy-dev\server\src\main\java\com\genymobile\scrcpy\CodecOption.java,com.genymobile.scrcpy.CodecOption,getValue/0,false,19,0,8,8,0,1,0,3,1,0,0,0,0,0,0,0,0,0,0,0,0,0,0,0,0,0,4,1,0,false
C:\QtScrcpy-dev\server\src\main\java\com\genymobile\scrcpy\CodecOption.java,com.genymobile.scrcpy.CodecOption,"CodecOption/2[java.lang.String,java.lang.Object]",true,10,0,1,1,0,1,0,4,0,0,2,0,0,0,0,0,0,0,0,0,2,0,0,0,0,0,4,1,0,false
C:\QtScrcpy-dev\server\src\main\java\com\genymobile\scrcpy\CodecOption.java,com.genymobile.scrcpy.CodecOption,parseOption/1[java.lang.String],false,69,1,2,1,1,8,7,40,1,7,1,7,0,0,0,3,0,0,8,7,12,3,1,0,0,0,23,10,0,false
C:\QtScrcpy-dev\server\src\main\java\com\genymobile\scrcpy\wrappers\InputManager.java,com.genymobile.scrcpy.wrappers.InputManager,InputManager/1[android.hardware.input.InputManager],true,21,1,1,1,0,1,0,3,0,0,1,0,0,0,0,0,0,0,0,0,1,0,0,0,0,0,3,1,0,false
C:\QtScrcpy-dev\server\src\main\java\com\genymobile\scrcpy\wrappers\InputManager.java,com.genymobile.scrcpy.wrappers.InputManager,getInjectInputEventMethod/0,false,25,1,1,1,0,2,2,6,1,0,0,2,0,0,0,1,0,0,1,0,1,0,1,0,0,0,10,2,0,false
C:\QtScrcpy-dev\server\src\main\java\com\genymobile\scrcpy\wrappers\InputManager.java,com.genymobile.scrcpy.wrappers.InputManager,"setDisplayId/2[com.genymobile.scrcpy.wrappers.InputEvent,int]",false,49,3,3,1,2,2,3,11,2,1,2,3,1,1,0,0,1,0,1,0,1,0,1,0,0,0,26,9,0,false
C:\QtScrcpy-dev\server\src\main\java\com\genymobile\scrcpy\wrappers\InputManager.java,com.genymobile.scrcpy.wrappers.InputManager,"injectInputEvent/2[com.genymobile.scrcpy.wrappers.InputEvent,int]",false,32,3,3,1,2,2,3,10,2,1,2,3,1,1,0,0,1,0,1,0,1,0,1,0,0,0,19,1,0,false
C:\QtScrcpy-dev\server\src\main\java\com\genymobile\scrcpy\wrappers\InputManager.java,com.genymobile.scrcpy.wrappers.InputManager,getSetDisplayIdMethod/0,false,42,1,1,1,0,2,1,6,1,0,0,1,0,0,0,1,0,0,1,0,1,0,1,0,0,0,10,10,0,false
C:\QtScrcpy-dev\server\src\main\java\com\genymobile\scrcpy\Device.java,com.genymobile.scrcpy.Device$ClipboardListener,onClipboardTextChanged/1[java.lang.String],false,42,0,1,1,0,1,0,1,0,0,1,0,0,0,0,0,0,0,0,0,0,0,0,0,0,0,5,0,0,false
C:\QtScrcpy-dev\server\src\main\java\com\genymobile\scrcpy\DeviceMessageWriter.java,com.genymobile.scrcpy.DeviceMessageWriter,"writeTo/2[com.genymobile.scrcpy.DeviceMessage,java.io.OutputStream]",false,16,4,8,3,5,3,13,21,0,3,2,13,0,0,0,0,0,0,1,3,3,1,1,0,0,0,12,1,0,false
C:\QtScrcpy-dev\server\src\main\java\com\genymobile\scrcpy\Server.java,com.genymobile.scrcpy.Server,initAndCleanUp/1[com.genymobile.scrcpy.Options],false,18,5,11,1,10,11,13,43,0,7,1,13,0,0,0,1,4,0,7,3,11,0,5,0,0,0,31,10,0,false
C:\QtScrcpy-dev\server\src\main\java\com\genymobile\scrcpy\Server.java,com.genymobile.scrcpy.Server,startInitThread/1[com.genymobile.scrcpy.Options],false,117,1,2,1,1,1,1,10,1,1,1,1,0,0,0,0,0,0,0,0,1,0,0,1,0,0,12,10,0,false
C:\QtScrcpy-dev\server\src\main\java\com\genymobile\scrcpy\Server.java,com.genymobile.scrcpy.Server,suggestFix/1[java.lang.Throwable],false,300,5,4,1,3,9,4,22,0,4,1,4,0,0,2,2,0,0,5,2,4,2,3,0,0,0,27,10,0,false
C:\QtScrcpy-dev\server\src\main\java\com\genymobile\scrcpy\Server.java,com.genymobile.scrcpy.Server,createOptions/1[java.lang.String[]],false,160,6,27,1,26,29,33,118,1,28,1,33,1,1,1,1,0,0,30,7,28,4,3,0,0,0,63,10,0,false
C:\QtScrcpy-dev\server\src\main\java\com\genymobile\scrcpy\Server.java,com.genymobile.scrcpy.Server,main/1[java.lang.String[]],false,322,3,5,0,5,1,5,12,0,1,1,5,2,3,0,0,0,0,0,0,1,0,0,1,0,0,15,9,0,false
C:\QtScrcpy-dev\server\src\main\java\com\genymobile\scrcpy\Server.java,com.genymobile.scrcpy.Server,startDeviceMessageSender/1[com.genymobile.scrcpy.DeviceMessageSender],false,144,1,2,1,1,1,1,15,1,1,1,1,0,0,0,0,0,0,0,0,1,0,0,1,0,0,15,10,0,false
C:\QtScrcpy-dev\server\src\main\java\com\genymobile\scrcpy\Server.java,com.genymobile.scrcpy.Server,Server/0,true,14,0,0,0,0,1,0,2,0,0,0,0,0,0,0,0,0,0,0,0,0,0,0,0,0,0,1,2,0,false
C:\QtScrcpy-dev\server\src\main\java\com\genymobile\scrcpy\Server.java,com.genymobile.scrcpy.Server,parseCrop/1[java.lang.String],false,284,1,1,1,0,3,3,14,2,5,1,3,0,0,0,1,0,0,3,5,5,3,1,0,0,0,18,10,0,false
C:\QtScrcpy-dev\server\src\main\java\com\genymobile\scrcpy\Server.java,com.genymobile.scrcpy.Server,scrcpy/1[com.genymobile.scrcpy.Options],false,63,11,33,1,32,6,29,44,0,12,1,29,3,1,0,2,2,0,5,0,14,1,3,1,0,0,40,10,0,false
C:\QtScrcpy-dev\server\src\main\java\com\genymobile\scrcpy\Server.java,com.genymobile.scrcpy.Server,startController/1[com.genymobile.scrcpy.Controller],false,128,1,2,1,1,1,1,15,1,1,1,1,0,0,0,0,0,0,0,0,1,0,0,1,0,0,11,10,0,false
C:\QtScrcpy-dev\server\src\main\java\com\genymobile\scrcpy\InvalidEncoderException.java,com.genymobile.scrcpy.InvalidEncoderException,"InvalidEncoderException/2[java.lang.String,com.genymobile.scrcpy.MediaCodecInfo[]]",true,10,1,1,1,0,1,0,5,0,0,2,0,0,0,0,0,0,0,1,0,2,1,0,0,0,0,10,1,0,false
C:\QtScrcpy-dev\server\src\main\java\com\genymobile\scrcpy\InvalidEncoderException.java,com.genymobile.scrcpy.InvalidEncoderException,getName/0,false,16,0,0,0,0,1,0,3,1,0,0,0,0,0,0,0,0,0,0,0,0,0,0,0,0,0,3,1,0,false
C:\QtScrcpy-dev\server\src\main\java\com\genymobile\scrcpy\InvalidEncoderException.java,com.genymobile.scrcpy.InvalidEncoderException,getAvailableEncoders/0,false,20,1,1,1,0,1,0,3,1,0,0,0,0,0,0,0,0,0,0,0,0,0,0,0,0,0,4,1,0,false
C:\QtScrcpy-dev\server\src\main\java\com\genymobile\scrcpy\wrappers\PowerManager.java,com.genymobile.scrcpy.wrappers.PowerManager,PowerManager/1[com.genymobile.scrcpy.wrappers.IInterface],true,16,1,1,1,0,1,0,3,0,0,1,0,0,0,0,0,0,0,0,0,1,0,0,0,0,0,5,1,0,false
C:\QtScrcpy-dev\server\src\main\java\com\genymobile\scrcpy\wrappers\PowerManager.java,com.genymobile.scrcpy.wrappers.PowerManager,isScreenOn/0,false,29,2,3,1,2,2,3,10,2,1,0,3,1,1,0,0,1,0,1,0,1,0,1,0,0,0,19,1,0,false
C:\QtScrcpy-dev\server\src\main\java\com\genymobile\scrcpy\wrappers\PowerManager.java,com.genymobile.scrcpy.wrappers.PowerManager,getIsScreenOnMethod/0,false,20,1,1,1,0,3,2,7,1,1,0,2,0,0,0,1,0,0,3,0,2,0,1,0,0,0,12,2,0,false
C:\QtScrcpy-dev\server\src\main\java\com\genymobile\scrcpy\Server.java,com.genymobile.scrcpy.Server$Anonymous1,onClipboardTextChanged/1[java.lang.String],false,93,2,2,0,2,1,2,3,0,0,1,2,0,0,0,0,0,0,0,0,0,0,0,0,0,0,5,1,0,false
C:\QtScrcpy-dev\server\src\main\java\com\genymobile\scrcpy\Server.java,com.genymobile.scrcpy.Server$Anonymous3,run/0,false,131,2,6,0,6,2,2,8,0,0,0,2,0,0,0,0,1,0,1,0,0,0,1,0,0,0,5,1,0,false
C:\QtScrcpy-dev\server\src\main\java\com\genymobile\scrcpy\Server.java,com.genymobile.scrcpy.Server$Anonymous2,run/0,false,120,1,6,0,6,1,1,3,0,0,0,1,0,0,0,0,0,0,0,0,0,0,0,0,0,0,6,1,0,false
C:\QtScrcpy-dev\server\src\main\java\com\genymobile\scrcpy\Server.java,com.genymobile.scrcpy.Server$Anonymous5,"uncaughtException/2[java.lang.Thread,java.lang.Throwable]",false,325,2,2,0,2,1,2,4,0,0,2,2,0,0,0,0,0,0,1,0,0,1,0,0,0,0,8,1,0,false
C:\QtScrcpy-dev\server\src\main\java\com\genymobile\scrcpy\Server.java,com.genymobile.scrcpy.Server$Anonymous4,run/0,false,147,2,6,0,6,2,2,8,0,0,0,2,0,0,0,0,1,0,1,0,0,0,1,0,0,0,8,1,0,false
C:\QtScrcpy-dev\server\src\main\java\com\genymobile\scrcpy\Controller.java,com.genymobile.scrcpy.Controller,"Controller/4[com.genymobile.scrcpy.Device,com.genymobile.scrcpy.DesktopConnection,boolean,boolean]",true,36,4,3,1,2,1,1,8,0,0,4,1,1,1,0,0,0,0,0,0,5,0,0,0,0,0,13,1,0,false
C:\QtScrcpy-dev\server\src\main\java\com\genymobile\scrcpy\Controller.java,com.genymobile.scrcpy.Controller,control/0,false,59,2,4,1,3,4,4,9,0,0,0,4,1,5,1,0,0,0,0,1,0,0,1,0,0,0,9,1,0,false
C:\QtScrcpy-dev\server\src\main\java\com\genymobile\scrcpy\Controller.java,com.genymobile.scrcpy.Controller,"injectKeycode/4[int,int,int,int]",false,144,2,3,1,2,5,2,6,1,0,4,2,1,1,0,3,0,1,0,0,0,0,1,0,0,0,11,2,0,false
C:\QtScrcpy-dev\server\src\main\java\com\genymobile\scrcpy\Controller.java,com.genymobile.scrcpy.Controller,pressBackOrTurnScreenOn/1[int],false,262,2,5,1,4,4,4,12,3,0,1,4,1,1,0,1,0,0,0,2,0,0,1,0,0,0,13,2,0,false
C:\QtScrcpy-dev\server\src\main\java\com\genymobile\scrcpy\Controller.java,com.genymobile.scrcpy.Controller,injectText/1[java.lang.String],false,166,2,3,1,2,3,4,11,1,1,1,4,1,1,1,0,0,0,2,1,1,1,2,0,0,0,9,2,0,false
C:\QtScrcpy-dev\server\src\main\java\com\genymobile\scrcpy\Controller.java,com.genymobile.scrcpy.Controller,handleEvent/0,false,83,5,31,1,30,21,30,59,0,3,0,30,7,4,0,2,0,1,3,0,4,1,3,0,0,0,30,2,0,false
C:\QtScrcpy-dev\server\src\main\java\com\genymobile\scrcpy\Controller.java,com.genymobile.scrcpy.Controller,getSender/0,false,79,1,2,2,0,1,0,3,1,0,0,0,0,0,0,0,0,0,0,0,0,0,0,0,0,0,5,1,0,false
C:\QtScrcpy-dev\server\src\main\java\com\genymobile\scrcpy\Controller.java,com.genymobile.scrcpy.Controller,injectChar/1[char],false,151,4,3,1,2,5,4,14,3,3,1,4,0,0,1,2,0,0,0,0,3,0,2,0,0,0,12,2,0,false
C:\QtScrcpy-dev\server\src\main\java\com\genymobile\scrcpy\Controller.java,com.genymobile.scrcpy.Controller,initPointers/0,false,45,1,1,1,0,2,0,11,0,3,0,0,0,0,1,0,0,0,0,3,8,0,1,0,0,0,5,2,0,false
C:\QtScrcpy-dev\server\src\main\java\com\genymobile\scrcpy\Controller.java,com.genymobile.scrcpy.Controller,"injectScroll/4[com.genymobile.scrcpy.Position,int,int,int]",false,226,4,5,1,4,2,7,16,2,5,4,7,0,0,0,1,0,0,0,9,8,0,1,0,0,0,15,2,0,false
C:\QtScrcpy-dev\server\src\main\java\com\genymobile\scrcpy\Controller.java,com.genymobile.scrcpy.Controller,"injectTouch/5[int,long,com.genymobile.scrcpy.Position,float,int]",false,178,7,10,1,9,11,11,38,3,8,5,11,0,0,0,9,0,3,2,9,12,2,2,0,0,0,35,2,0,false
C:\QtScrcpy-dev\server\src\main\java\com\genymobile\scrcpy\Controller.java,com.genymobile.scrcpy.Controller,schedulePowerModeOff/0,false,252,0,3,2,1,1,1,9,0,0,0,1,0,0,0,0,0,0,0,1,0,0,0,1,0,0,17,10,0,true
C:\QtScrcpy-dev\server\src\main\java\com\genymobile\scrcpy\Controller.java,com.genymobile.scrcpy.Controller,getClipboard/1[int],false,280,2,5,1,4,7,4,12,0,2,1,4,0,0,0,3,0,0,0,0,2,0,2,0,0,0,9,2,0,false
C:\QtScrcpy-dev\server\src\main\java\com\genymobile\scrcpy\Controller.java,com.genymobile.scrcpy.Controller,"setClipboard/3[java.lang.String,boolean,long]",false,299,3,6,1,5,6,5,13,1,1,3,5,0,0,0,1,0,0,1,0,1,0,1,0,0,0,7,2,0,false
C:\QtScrcpy-dev\server\src\main\java\com\genymobile\scrcpy\wrappers\ClipboardManager.java,com.genymobile.scrcpy.wrappers.ClipboardManager,getText/0,false,61,3,4,1,3,4,6,14,3,2,0,6,2,1,0,2,1,0,1,2,2,0,2,0,0,0,22,1,0,false
C:\QtScrcpy-dev\server\src\main\java\com\genymobile\scrcpy\wrappers\ClipboardManager.java,com.genymobile.scrcpy.wrappers.ClipboardManager,ClipboardManager/1[com.genymobile.scrcpy.wrappers.IInterface],true,19,1,1,1,0,1,0,3,0,0,1,0,0,0,0,0,0,0,0,0,1,0,0,0,0,0,5,1,0,false
C:\QtScrcpy-dev\server\src\main\java\com\genymobile\scrcpy\wrappers\ClipboardManager.java,com.genymobile.scrcpy.wrappers.ClipboardManager,"getPrimaryClip/2[java.lang.reflect.Method,com.genymobile.scrcpy.wrappers.IInterface]",false,45,2,1,1,0,2,1,6,2,0,2,1,0,0,0,0,0,0,0,0,0,0,1,0,0,0,9,10,0,false
C:\QtScrcpy-dev\server\src\main\java\com\genymobile\scrcpy\wrappers\ClipboardManager.java,com.genymobile.scrcpy.wrappers.ClipboardManager,"addPrimaryClipChangedListener/3[java.lang.reflect.Method,com.genymobile.scrcpy.wrappers.IInterface,com.genymobile.scrcpy.wrappers.IOnPrimaryClipChangedListener]",false,88,2,1,1,0,2,1,8,0,0,3,1,0,0,0,0,0,0,0,0,0,0,1,0,0,0,10,10,0,false
C:\QtScrcpy-dev\server\src\main\java\com\genymobile\scrcpy\wrappers\ClipboardManager.java,com.genymobile.scrcpy.wrappers.ClipboardManager,setText/1[java.lang.CharSequence],false,75,3,4,1,3,2,4,12,2,2,1,4,2,1,0,0,1,0,1,0,2,0,1,0,0,0,25,1,0,false
C:\QtScrcpy-dev\server\src\main\java\com\genymobile\scrcpy\wrappers\ClipboardManager.java,com.genymobile.scrcpy.wrappers.ClipboardManager,getGetPrimaryClipMethod/0,false,23,0,1,1,0,3,2,11,1,0,0,2,0,0,0,1,0,0,2,0,2,0,2,0,0,0,9,2,0,false
C:\QtScrcpy-dev\server\src\main\java\com\genymobile\scrcpy\wrappers\ClipboardManager.java,com.genymobile.scrcpy.wrappers.ClipboardManager,getSetPrimaryClipMethod/0,false,34,1,1,1,0,3,2,11,1,0,0,2,0,0,0,1,0,0,2,0,2,0,2,0,0,0,10,2,0,false
C:\QtScrcpy-dev\server\src\main\java\com\genymobile\scrcpy\wrappers\ClipboardManager.java,com.genymobile.scrcpy.wrappers.ClipboardManager,addPrimaryClipChangedListener/1[com.genymobile.scrcpy.wrappers.IOnPrimaryClipChangedListener],false,109,3,4,1,3,2,3,11,2,1,1,3,2,1,0,0,1,0,1,0,1,0,1,0,0,0,24,1,0,false
C:\QtScrcpy-dev\server\src\main\java\com\genymobile\scrcpy\wrappers\ClipboardManager.java,com.genymobile.scrcpy.wrappers.ClipboardManager,"setPrimaryClip/3[java.lang.reflect.Method,com.genymobile.scrcpy.wrappers.IInterface,com.genymobile.scrcpy.wrappers.ClipData]",false,53,2,1,1,0,2,1,8,0,0,3,1,0,0,0,0,0,0,0,0,0,0,1,0,0,0,9,10,0,false
C:\QtScrcpy-dev\server\src\main\java\com\genymobile\scrcpy\wrappers\ClipboardManager.java,com.genymobile.scrcpy.wrappers.ClipboardManager,getAddPrimaryClipChangedListener/0,false,96,1,1,1,0,3,2,11,1,0,0,2,0,0,0,1,0,0,2,0,2,0,2,0,0,0,12,2,0,false
C:\QtScrcpy-dev\server\src\main\java\com\genymobile\scrcpy\ControlMessageReader.java,com.genymobile.scrcpy.ControlMessageReader,parseGetClipboard/0,false,169,2,3,1,2,2,4,7,2,1,0,4,1,1,0,0,0,0,0,0,1,0,1,0,0,0,25,2,0,false
C:\QtScrcpy-dev\server\src\main\java\com\genymobile\scrcpy\ControlMessageReader.java,com.genymobile.scrcpy.ControlMessageReader,toUnsigned/1[byte],false,210,0,4,4,0,1,0,3,1,0,1,0,0,0,0,0,0,0,0,1,0,0,0,0,0,0,4,10,0,false
C:\QtScrcpy-dev\server\src\main\java\com\genymobile\scrcpy\ControlMessageReader.java,com.genymobile.scrcpy.ControlMessageReader,parseInjectKeycode/0,false,102,2,3,1,2,2,5,10,2,4,0,5,1,1,0,0,0,0,0,0,4,0,1,0,0,0,29,2,0,false
C:\QtScrcpy-dev\server\src\main\java\com\genymobile\scrcpy\ControlMessageReader.java,com.genymobile.scrcpy.ControlMessageReader,parseString/0,false,113,0,2,2,0,3,4,12,3,2,0,4,0,0,0,0,0,0,0,1,2,1,1,0,0,0,5,2,0,false
C:\QtScrcpy-dev\server\src\main\java\com\genymobile\scrcpy\ControlMessageReader.java,com.genymobile.scrcpy.ControlMessageReader,parseInjectText/0,false,127,2,3,1,2,2,2,7,2,1,0,2,1,1,0,1,0,0,0,0,1,0,1,0,0,0,8,2,0,false
C:\QtScrcpy-dev\server\src\main\java\com\genymobile\scrcpy\ControlMessageReader.java,com.genymobile.scrcpy.ControlMessageReader,next/0,false,50,3,27,17,10,15,14,48,2,3,0,14,8,8,0,1,0,0,1,0,12,1,1,0,0,0,25,1,0,false
C:\QtScrcpy-dev\server\src\main\java\com\genymobile\scrcpy\ControlMessageReader.java,com.genymobile.scrcpy.ControlMessageReader,parseInjectTouchEvent/0,false,135,3,5,1,4,3,9,12,2,6,0,9,3,2,0,1,0,1,0,3,6,1,1,0,0,0,39,2,0,false
C:\QtScrcpy-dev\server\src\main\java\com\genymobile\scrcpy\ControlMessageReader.java,com.genymobile.scrcpy.ControlMessageReader,isFull/0,false,32,0,1,1,0,2,1,3,1,0,0,1,0,0,0,1,0,0,0,0,0,0,0,0,0,0,2,1,0,false
C:\QtScrcpy-dev\server\src\main\java\com\genymobile\scrcpy\ControlMessageReader.java,com.genymobile.scrcpy.ControlMessageReader,readFrom/1[java.io.InputStream],false,36,1,18,17,1,3,6,13,0,2,1,6,1,1,0,1,0,0,2,1,2,2,1,0,0,0,20,1,0,false
C:\QtScrcpy-dev\server\src\main\java\com\genymobile\scrcpy\ControlMessageReader.java,com.genymobile.scrcpy.ControlMessageReader,parseSetScreenPowerMode/0,false,190,1,2,1,1,2,3,7,2,1,0,3,0,0,0,0,0,0,0,0,1,0,1,0,0,0,26,2,0,false
C:\QtScrcpy-dev\server\src\main\java\com\genymobile\scrcpy\ControlMessageReader.java,com.genymobile.scrcpy.ControlMessageReader,parseInjectScrollEvent/0,false,150,3,3,1,2,2,4,10,2,4,0,4,1,2,0,0,0,0,0,0,4,0,1,0,0,0,32,2,0,false
C:\QtScrcpy-dev\server\src\main\java\com\genymobile\scrcpy\ControlMessageReader.java,com.genymobile.scrcpy.ControlMessageReader,parseSetClipboard/0,false,177,2,3,1,2,4,5,12,3,3,0,5,1,1,0,2,0,0,0,1,3,0,1,0,0,0,29,2,0,false
C:\QtScrcpy-dev\server\src\main\java\com\genymobile\scrcpy\ControlMessageReader.java,com.genymobile.scrcpy.ControlMessageReader,toUnsigned/1[short],false,206,0,2,2,0,1,0,3,1,0,1,0,0,0,0,0,0,0,0,1,0,0,0,0,0,0,4,10,0,false
C:\QtScrcpy-dev\server\src\main\java\com\genymobile\scrcpy\ControlMessageReader.java,com.genymobile.scrcpy.ControlMessageReader,ControlMessageReader/0,true,27,0,16,16,0,1,1,3,0,0,0,1,0,0,0,0,0,0,0,1,0,0,0,0,0,0,3,1,0,false
C:\QtScrcpy-dev\server\src\main\java\com\genymobile\scrcpy\ControlMessageReader.java,com.genymobile.scrcpy.ControlMessageReader,readPosition/1[java.nio.ByteBuffer],false,198,2,4,2,2,1,3,7,1,4,1,3,1,1,0,0,0,0,0,0,4,0,0,0,0,0,12,10,0,false
C:\QtScrcpy-dev\server\src\main\java\com\genymobile\scrcpy\ControlMessageReader.java,com.genymobile.scrcpy.ControlMessageReader,parseBackOrScreenOnEvent/0,false,161,2,3,1,2,2,4,7,2,1,0,4,1,1,0,0,0,0,0,0,1,0,1,0,0,0,26,2,0,false
C:\QtScrcpy-dev\server\src\main\java\com\genymobile\scrcpy\wrappers\WindowManager.java,com.genymobile.scrcpy.wrappers.WindowManager,getIsRotationFrozenMethod/0,false,44,0,1,1,0,2,2,6,1,0,0,2,0,0,0,1,0,0,1,0,1,0,1,0,0,0,10,2,0,false
C:\QtScrcpy-dev\server\src\main\java\com\genymobile\scrcpy\wrappers\WindowManager.java,com.genymobile.scrcpy.wrappers.WindowManager,WindowManager/1[com.genymobile.scrcpy.wrappers.IInterface],true,18,1,1,1,0,1,0,3,0,0,1,0,0,0,0,0,0,0,0,0,1,0,0,0,0,0,5,1,0,false
C:\QtScrcpy-dev\server\src\main\java\com\genymobile\scrcpy\wrappers\WindowManager.java,com.genymobile.scrcpy.wrappers.WindowManager,thawRotation/0,false,87,2,3,1,2,2,3,9,0,1,0,3,1,1,0,0,1,0,1,0,1,0,1,0,0,0,17,1,0,false
C:\QtScrcpy-dev\server\src\main\java\com\genymobile\scrcpy\wrappers\WindowManager.java,com.genymobile.scrcpy.wrappers.WindowManager,"registerRotationWatcher/2[com.genymobile.scrcpy.wrappers.IRotationWatcher,int]",false,96,1,1,1,0,3,3,14,0,1,2,3,0,0,0,0,2,0,2,0,1,0,2,0,0,0,14,1,0,false
C:\QtScrcpy-dev\server\src\main\java\com\genymobile\scrcpy\wrappers\WindowManager.java,com.genymobile.scrcpy.wrappers.WindowManager,getGetRotationMethod/0,false,22,0,1,1,0,3,2,12,1,1,0,2,0,0,0,1,1,0,2,0,3,0,2,0,0,0,10,2,0,false
C:\QtScrcpy-dev\server\src\main\java\com\genymobile\scrcpy\wrappers\WindowManager.java,com.genymobile.scrcpy.wrappers.WindowManager,getThawRotationMethod/0,false,51,0,1,1,0,2,2,6,1,0,0,2,0,0,0,1,0,0,1,0,1,0,1,0,0,0,9,2,0,false
C:\QtScrcpy-dev\server\src\main\java\com\genymobile\scrcpy\wrappers\WindowManager.java,com.genymobile.scrcpy.wrappers.WindowManager,isRotationFrozen/0,false,77,2,3,1,2,2,3,10,2,1,0,3,1,1,0,0,1,0,1,0,1,0,1,0,0,0,19,1,0,false
C:\QtScrcpy-dev\server\src\main\java\com\genymobile\scrcpy\wrappers\WindowManager.java,com.genymobile.scrcpy.wrappers.WindowManager,getRotation/0,false,58,2,3,1,2,2,3,10,2,1,0,3,1,1,0,0,1,0,1,1,1,0,1,0,0,0,16,1,0,false
C:\QtScrcpy-dev\server\src\main\java\com\genymobile\scrcpy\wrappers\WindowManager.java,com.genymobile.scrcpy.wrappers.WindowManager,getFreezeRotationMethod/0,false,37,0,1,1,0,2,2,6,1,0,0,2,0,0,0,1,0,0,1,0,1,0,1,0,0,0,9,2,0,false
C:\QtScrcpy-dev\server\src\main\java\com\genymobile\scrcpy\wrappers\WindowManager.java,com.genymobile.scrcpy.wrappers.WindowManager,freezeRotation/1[int],false,68,2,3,1,2,2,3,9,0,1,1,3,1,1,0,0,1,0,1,0,1,0,1,0,0,0,17,1,0,false
