file,class,type,cbo,cboModified,fanin,fanout,wmc,dit,noc,rfc,lcom,lcom*,tcc,lcc,totalMethodsQty,staticMethodsQty,publicMethodsQty,privateMethodsQty,protectedMethodsQty,defaultMethodsQty,visibleMethodsQty,abstractMethodsQty,finalMethodsQty,synchronizedMethodsQty,totalFieldsQty,staticFieldsQty,publicFieldsQty,privateFieldsQty,protectedFieldsQty,defaultFieldsQty,finalFieldsQty,synchronizedFieldsQty,nosi,loc,returnQty,loopQty,comparisonsQty,tryCatchQty,parenthesizedExpsQty,stringLiteralsQty,numbersQty,assignmentsQty,mathOperationsQty,variablesQty,maxNestedBlocksQty,anonymousClassesQty,innerClassesQty,lambdasQty,uniqueWordsQty,modifiers,logStatementsQty
C:\novel-master\src\main\java\io\github\xxyopen\novel\dao\mapper\AuthorIncomeDetailMapper.java,io.github.xxyopen.novel.dao.mapper.AuthorIncomeDetailMapper,interface,1,1,0,1,0,1,0,0,0,0.0,-1.0,-1.0,0,0,0,0,0,0,0,0,0,0,0,0,0,0,0,0,0,0,0,2,0,0,0,0,0,0,0,0,0,0,0,0,0,0,6,1,0
C:\novel-master\src\main\java\io\github\xxyopen\novel\dao\mapper\HomeBookMapper.java,io.github.xxyopen.novel.dao.mapper.HomeBookMapper,interface,1,2,1,1,0,1,0,0,0,0.0,-1.0,-1.0,0,0,0,0,0,0,0,0,0,0,0,0,0,0,0,0,0,0,0,2,0,0,0,0,0,0,0,0,0,0,0,0,0,0,5,1,0
C:\novel-master\src\main\java\io\github\xxyopen\novel\core\auth\UserHolder.java,io.github.xxyopen.novel.core.auth.UserHolder,class,1,8,7,1,5,1,0,3,0,0.4,0.6,1.0,5,0,5,0,0,0,5,0,0,0,2,2,0,2,0,0,2,0,0,20,2,0,0,0,0,0,0,2,0,2,0,0,0,0,13,1,0
C:\novel-master\src\main\java\io\github\xxyopen\novel\core\constant\SystemConfigConsts.java,io.github.xxyopen.novel.core.constant.SystemConfigConsts,class,0,0,0,0,1,1,0,0,0,0.0,-1.0,-1.0,1,0,0,1,0,0,0,0,0,0,6,6,6,0,0,0,6,0,0,11,0,0,0,0,0,6,0,6,0,6,0,0,0,0,32,1,0
C:\novel-master\src\main\java\io\github\xxyopen\novel\dao\mapper\BookCategoryMapper.java,io.github.xxyopen.novel.dao.mapper.BookCategoryMapper,interface,1,2,1,1,0,1,0,0,0,0.0,-1.0,-1.0,0,0,0,0,0,0,0,0,0,0,0,0,0,0,0,0,0,0,0,2,0,0,0,0,0,0,0,0,0,0,0,0,0,0,5,1,0
C:\novel-master\src\main\java\io\github\xxyopen\novel\dao\mapper\PayWechatMapper.java,io.github.xxyopen.novel.dao.mapper.PayWechatMapper,interface,1,1,0,1,0,1,0,0,0,0.0,-1.0,-1.0,0,0,0,0,0,0,0,0,0,0,0,0,0,0,0,0,0,0,0,2,0,0,0,0,0,0,0,0,0,0,0,0,0,0,5,1,0
C:\novel-master\src\main\java\io\github\xxyopen\novel\core\aspect\LockAspect.java,io.github.xxyopen.novel.core.aspect.LockAspect,class,17,18,1,17,8,1,0,24,3,0.6666667,NaN,NaN,3,0,1,2,0,0,1,0,0,0,3,2,0,3,0,0,3,0,0,44,4,1,0,1,0,3,1,13,1,14,2,0,0,0,56,1,0
C:\novel-master\src\main\java\io\github\xxyopen\novel\dto\resp\BookContentAboutRespDto.java,io.github.xxyopen.novel.dto.resp.BookContentAboutRespDto,class,5,8,3,5,0,1,0,0,0,NaN,-1.0,-1.0,0,0,0,0,0,0,0,0,0,0,3,0,0,3,0,0,0,0,0,5,0,0,0,0,0,3,0,0,0,3,0,0,0,0,11,1,0
C:\novel-master\src\main\java\io\github\xxyopen\novel\dto\UserInfoDto.java,io.github.xxyopen.novel.dto.UserInfoDto,class,3,5,2,3,0,1,0,0,0,NaN,-1.0,-1.0,0,0,0,0,0,0,0,0,0,0,3,1,0,3,0,0,1,0,0,5,0,0,0,0,0,0,1,1,0,3,0,0,0,0,18,1,0
C:\novel-master\src\main\java\io\github\xxyopen\novel\dto\resp\BookRankRespDto.java,io.github.xxyopen.novel.dto.resp.BookRankRespDto,class,4,8,4,4,0,1,0,0,0,NaN,-1.0,-1.0,0,0,0,0,0,0,0,0,0,0,11,1,0,11,0,0,1,0,0,13,0,0,0,0,0,11,1,1,0,11,0,0,0,0,35,1,0
C:\novel-master\src\main\java\io\github\xxyopen\novel\dto\req\ChapterUpdateReqDto.java,io.github.xxyopen.novel.dto.req.ChapterUpdateReqDto,class,5,8,3,5,0,1,0,0,0,NaN,-1.0,-1.0,0,0,0,0,0,0,0,0,0,0,3,0,0,3,0,0,0,0,0,5,0,0,0,0,0,3,1,0,0,3,0,0,0,0,14,1,0
C:\novel-master\src\main\java\io\github\xxyopen\novel\service\impl\DbSearchServiceImpl.java,io.github.xxyopen.novel.service.impl.DbSearchServiceImpl,class,12,12,0,12,1,1,0,29,0,0.0,NaN,NaN,1,0,1,0,0,0,1,0,0,0,1,0,0,1,0,0,1,0,2,10,1,0,0,0,0,3,0,2,0,4,0,0,0,1,18,1,0
C:\novel-master\src\test\java\io\github\xxyopen\novel\generator\Generator.java,io.github.xxyopen.novel.generator.Generator,class,1,2,1,1,4,1,0,34,3,0.6666666,0.0,0.0,3,3,1,1,1,0,2,0,0,0,10,10,0,10,0,0,10,0,6,24,1,0,0,0,0,22,0,10,2,14,1,0,0,4,43,1,0
C:\novel-master\src\main\java\io\github\xxyopen\novel\dto\req\UserInfoUptReqDto.java,io.github.xxyopen.novel.dto.req.UserInfoUptReqDto,class,6,9,3,6,0,1,0,0,0,NaN,-1.0,-1.0,0,0,0,0,0,0,0,0,0,0,4,0,0,4,0,0,0,0,0,6,0,0,0,0,0,4,4,0,0,4,0,0,0,0,32,1,0
C:\novel-master\src\main\java\io\github\xxyopen\novel\service\impl\BookServiceImpl.java,io.github.xxyopen.novel.service.impl.BookServiceImpl,class,46,46,0,46,35,1,0,179,112,0.8333334,0.29710144,0.6992754,24,0,24,0,0,0,24,0,0,0,13,1,0,13,0,0,13,0,61,306,28,1,0,0,0,4,11,85,5,97,2,0,0,5,101,1,1
C:\novel-master\src\main\java\io\github\xxyopen\novel\core\task\BookToEsTask.java,io.github.xxyopen.novel.core.task.BookToEsTask,class,13,13,0,13,8,1,0,25,0,0.0,NaN,NaN,1,0,1,0,0,0,1,0,0,0,2,0,0,2,0,0,2,0,0,38,2,3,1,1,0,6,2,6,0,10,5,0,0,3,31,1,3
C:\novel-master\src\main\java\io\github\xxyopen\novel\dao\entity\SysMenu.java,io.github.xxyopen.novel.dao.entity.SysMenu,class,2,2,0,2,19,1,0,0,117,0.8578948,0.15789473,1.0,19,0,19,0,0,0,19,0,0,0,10,1,0,10,0,0,1,0,0,69,10,0,0,0,0,13,1,10,2,10,0,0,0,0,40,1,0
C:\novel-master\src\main\java\io\github\xxyopen\novel\core\common\req\PageReqDto.java,io.github.xxyopen.novel.core.common.req.PageReqDto,class,2,7,5,2,0,1,1,0,0,NaN,-1.0,-1.0,0,0,0,0,0,0,0,0,0,0,3,0,0,3,0,0,0,0,0,5,0,0,0,0,0,2,2,3,0,3,0,0,0,0,13,1,0
C:\novel-master\src\main\java\io\github\xxyopen\novel\core\common\util\ImgVerifyCodeUtils.java,io.github.xxyopen.novel.core.common.util.ImgVerifyCodeUtils,class,2,4,2,2,8,1,0,21,2,0.6,0.0,0.0,5,0,2,3,0,0,2,0,0,0,4,0,0,4,0,0,4,0,4,48,3,3,0,0,0,3,22,18,4,18,1,0,0,0,41,1,0
C:\novel-master\src\main\java\io\github\xxyopen\novel\core\listener\RabbitQueueListener.java,io.github.xxyopen.novel.core.listener.RabbitQueueListener,class,10,10,0,10,1,1,0,9,0,0.0,NaN,NaN,1,0,1,0,0,0,1,0,0,0,2,0,0,2,0,0,2,0,0,9,0,0,0,0,0,5,0,2,1,5,0,0,0,1,25,1,1
C:\novel-master\src\main\java\io\github\xxyopen\novel\dao\mapper\BookCommentMapper.java,io.github.xxyopen.novel.dao.mapper.BookCommentMapper,interface,1,2,1,1,0,1,0,0,0,0.0,-1.0,-1.0,0,0,0,0,0,0,0,0,0,0,0,0,0,0,0,0,0,0,0,2,0,0,0,0,0,0,0,0,0,0,0,0,0,0,5,1,0
C:\novel-master\src\main\java\io\github\xxyopen\novel\core\common\resp\PageRespDto.java,io.github.xxyopen.novel.core.common.resp.PageRespDto,class,3,12,9,3,5,1,0,0,0,0.16666667,1.0,1.0,3,1,3,0,0,0,3,0,0,0,4,0,0,4,0,0,4,0,0,27,3,0,2,0,0,0,3,5,2,5,2,0,0,0,16,1,0
C:\novel-master\src\main\java\io\github\xxyopen\novel\dto\resp\HomeFriendLinkRespDto.java,io.github.xxyopen.novel.dto.resp.HomeFriendLinkRespDto,class,3,7,4,3,0,1,0,0,0,NaN,-1.0,-1.0,0,0,0,0,0,0,0,0,0,0,3,1,0,3,0,0,1,0,0,5,0,0,0,0,0,2,1,1,0,3,0,0,0,0,18,1,0
C:\novel-master\src\main\java\io\github\xxyopen\novel\core\config\EsConfig.java,io.github.xxyopen.novel.core.config.EsConfig$Anonymous1,anonymous,2,2,0,2,3,1,0,0,3,0.0,0.0,0.0,3,0,3,0,0,0,3,0,0,0,0,0,0,0,0,0,0,0,0,9,1,0,0,0,0,0,1,0,0,0,0,0,0,0,9,-1,0
C:\novel-master\src\main\java\io\github\xxyopen\novel\service\impl\UserServiceImpl.java,io.github.xxyopen.novel.service.impl.UserServiceImpl,class,19,19,0,19,12,1,0,53,7,0.71428573,0.33333334,0.33333334,7,0,7,0,0,0,7,0,0,0,5,0,0,5,0,0,5,0,13,72,7,0,0,0,0,1,2,9,0,14,1,0,0,0,38,1,0
C:\novel-master\src\main\java\io\github\xxyopen\novel\core\auth\AuthorAuthStrategy.java,io.github.xxyopen.novel.core.auth.AuthorAuthStrategy,class,9,9,0,9,3,1,0,7,0,0.0,NaN,NaN,1,0,1,0,0,0,1,0,0,0,4,1,0,4,0,0,4,0,2,17,1,0,0,0,0,2,0,3,2,6,1,0,0,0,32,1,0
C:\novel-master\src\main\java\io\github\xxyopen\novel\dto\req\BookAddReqDto.java,io.github.xxyopen.novel.dto.req.BookAddReqDto,class,4,7,3,4,0,1,0,0,0,NaN,-1.0,-1.0,0,0,0,0,0,0,0,0,0,0,7,0,0,7,0,0,0,0,0,9,0,0,0,0,0,7,0,0,0,7,0,0,0,0,20,1,0
C:\novel-master\src\main\java\io\github\xxyopen\novel\service\NewsService.java,io.github.xxyopen.novel.service.NewsService,interface,2,4,2,2,2,1,0,0,1,0.0,0.0,0.0,2,0,0,0,0,2,2,0,0,0,0,0,0,0,0,0,0,0,0,4,0,0,0,0,0,0,0,0,0,0,0,0,0,0,8,1,0
C:\novel-master\src\main\java\io\github\xxyopen\novel\core\config\EsConfig.java,io.github.xxyopen.novel.core.config.EsConfig,class,12,12,0,12,4,1,0,10,1,0.0,0.0,0.0,2,0,0,0,0,2,2,0,0,0,0,0,0,0,0,0,0,0,0,34,3,0,1,1,0,4,0,3,0,5,2,1,0,3,56,1,1
C:\novel-master\src\main\java\io\github\xxyopen\novel\dao\entity\BookCategory.java,io.github.xxyopen.novel.dao.entity.BookCategory,class,2,2,0,2,13,1,0,0,42,0.8021979,0.23076923,1.0,13,0,13,0,0,0,13,0,0,0,7,1,0,7,0,0,1,0,0,48,7,0,0,0,0,10,1,7,2,7,0,0,0,0,35,1,0
C:\novel-master\src\main\java\io\github\xxyopen\novel\dto\resp\BookInfoRespDto.java,io.github.xxyopen.novel.dto.resp.BookInfoRespDto,class,6,16,10,6,0,1,0,0,0,NaN,-1.0,-1.0,0,0,0,0,0,0,0,0,0,0,16,0,0,16,0,0,0,0,0,18,0,0,0,0,0,17,0,0,0,16,0,0,0,0,34,1,0
C:\novel-master\src\main\java\io\github\xxyopen\novel\core\constant\MessageSenderTypeConsts.java,io.github.xxyopen.novel.core.constant.MessageSenderTypeConsts,class,0,0,0,0,1,1,0,0,0,0.0,-1.0,-1.0,1,0,0,1,0,0,0,0,0,0,2,2,2,0,0,0,2,0,0,7,0,0,0,0,0,3,0,2,0,2,0,0,0,0,24,1,0
C:\novel-master\src\main\java\io\github\xxyopen\novel\dao\entity\AuthorInfo.java,io.github.xxyopen.novel.dao.entity.AuthorInfo,class,2,4,2,2,23,1,0,0,187,0.8804347,0.13043478,1.0,23,0,23,0,0,0,23,0,0,0,12,1,0,12,0,0,1,0,0,83,12,0,0,0,0,15,1,12,2,12,0,0,0,0,49,1,0
C:\novel-master\src\main\java\io\github\xxyopen\novel\dto\AuthorInfoDto.java,io.github.xxyopen.novel.dto.AuthorInfoDto,class,3,7,4,3,0,1,0,0,0,NaN,-1.0,-1.0,0,0,0,0,0,0,0,0,0,0,4,1,0,4,0,0,1,0,0,6,0,0,0,0,0,0,1,1,0,4,0,0,0,0,20,1,0
C:\novel-master\src\main\java\io\github\xxyopen\novel\service\AuthorService.java,io.github.xxyopen.novel.service.AuthorService,interface,2,4,2,2,2,1,0,0,1,0.0,0.0,0.0,2,0,0,0,0,2,2,0,0,0,0,0,0,0,0,0,0,0,0,4,0,0,0,0,0,0,0,0,0,0,0,0,0,0,13,1,0
C:\novel-master\src\main\java\io\github\xxyopen\novel\dao\entity\HomeFriendLink.java,io.github.xxyopen.novel.dao.entity.HomeFriendLink,class,2,2,0,2,15,1,0,0,63,0.82500005,0.2,1.0,15,0,15,0,0,0,15,0,0,0,8,1,0,8,0,0,1,0,0,55,8,0,0,0,0,11,1,8,2,8,0,0,0,0,37,1,0
C:\novel-master\src\main\java\io\github\xxyopen\novel\dao\mapper\UserBookshelfMapper.java,io.github.xxyopen.novel.dao.mapper.UserBookshelfMapper,interface,1,2,1,1,0,1,0,0,0,0.0,-1.0,-1.0,0,0,0,0,0,0,0,0,0,0,0,0,0,0,0,0,0,0,0,2,0,0,0,0,0,0,0,0,0,0,0,0,0,0,5,1,0
C:\novel-master\src\main\java\io\github\xxyopen\novel\service\HomeService.java,io.github.xxyopen.novel.service.HomeService,interface,3,5,2,3,2,1,0,0,1,0.0,0.0,0.0,2,0,0,0,0,2,2,0,0,0,0,0,0,0,0,0,0,0,0,4,0,0,0,0,0,0,0,0,0,0,0,0,0,0,8,1,0
C:\novel-master\src\main\java\io\github\xxyopen\novel\dao\entity\PayAlipay.java,io.github.xxyopen.novel.dao.entity.PayAlipay,class,2,2,0,2,25,1,0,0,228,0.8892308,0.12,1.0,25,0,25,0,0,0,25,0,0,0,13,1,0,13,0,0,1,0,0,90,13,0,0,0,0,16,1,13,2,13,0,0,0,0,53,1,0
C:\novel-master\src\main\java\io\github\xxyopen\novel\service\impl\EsSearchServiceImpl.java,io.github.xxyopen.novel.service.impl.EsSearchServiceImpl,class,17,17,0,17,13,1,0,63,1,0.5,NaN,NaN,2,0,1,1,0,0,1,0,0,0,1,0,0,1,0,0,1,0,2,58,3,1,2,0,2,11,5,7,5,24,2,0,0,16,42,1,0
C:\novel-master\src\main\java\io\github\xxyopen\novel\dto\resp\BookCategoryRespDto.java,io.github.xxyopen.novel.dto.resp.BookCategoryRespDto,class,3,7,4,3,0,1,0,0,0,NaN,-1.0,-1.0,0,0,0,0,0,0,0,0,0,0,2,0,0,2,0,0,0,0,0,4,0,0,0,0,0,2,0,0,0,2,0,0,0,0,9,1,0
C:\novel-master\src\main\java\io\github\xxyopen\novel\manager\message\MessageSender.java,io.github.xxyopen.novel.manager.message.MessageSender,interface,0,1,1,0,1,1,0,0,0,0.0,NaN,NaN,1,0,0,0,0,1,1,0,0,0,0,0,0,0,0,0,0,0,0,3,0,0,0,0,0,0,0,0,0,0,0,0,0,0,9,1,0
C:\novel-master\src\main\java\io\github\xxyopen\novel\dao\mapper\UserCommentReplyMapper.java,io.github.xxyopen.novel.dao.mapper.UserCommentReplyMapper,interface,1,1,0,1,0,1,0,0,0,0.0,-1.0,-1.0,0,0,0,0,0,0,0,0,0,0,0,0,0,0,0,0,0,0,0,2,0,0,0,0,0,0,0,0,0,0,0,0,0,0,6,1,0
C:\novel-master\src\main\java\io\github\xxyopen\novel\service\impl\HomeServiceImpl.java,io.github.xxyopen.novel.service.impl.HomeServiceImpl,class,8,8,0,8,2,1,0,4,1,0.5,0.0,0.0,2,0,2,0,0,0,2,0,0,0,2,0,0,2,0,0,2,0,2,10,2,0,0,0,0,0,0,0,0,2,0,0,0,0,14,1,0
C:\novel-master\src\main\java\io\github\xxyopen\novel\core\common\constant\CommonConsts.java,io.github.xxyopen.novel.core.common.constant.CommonConsts$SexEnum,enum,0,0,0,0,3,1,0,0,0,0.33333334,0.6666667,1.0,3,0,2,0,0,1,3,0,0,0,2,0,0,2,0,0,0,0,0,15,2,0,0,0,0,2,2,2,0,2,0,0,0,0,13,1,0
C:\novel-master\src\main\java\io\github\xxyopen\novel\dao\entity\UserConsumeLog.java,io.github.xxyopen.novel.dao.entity.UserConsumeLog,class,2,2,0,2,19,1,0,0,117,0.8578948,0.15789473,1.0,19,0,19,0,0,0,19,0,0,0,10,1,0,10,0,0,1,0,0,69,10,0,0,0,0,13,1,10,2,10,0,0,0,0,39,1,0
C:\novel-master\src\main\java\io\github\xxyopen\novel\manager\message\AbstractSysNoticeSender.java,io.github.xxyopen.novel.manager.message.AbstractSysNoticeSender,class,2,3,1,2,1,2,1,3,0,0.0,NaN,NaN,1,0,0,0,1,0,1,0,0,0,0,0,0,0,0,0,0,0,1,6,0,0,0,0,0,1,0,1,0,1,0,0,0,0,13,1025,1
C:\novel-master\src\main\java\io\github\xxyopen\novel\dao\mapper\BookContentMapper.java,io.github.xxyopen.novel.dao.mapper.BookContentMapper,interface,1,3,2,1,0,1,0,0,0,0.0,-1.0,-1.0,0,0,0,0,0,0,0,0,0,0,0,0,0,0,0,0,0,0,0,2,0,0,0,0,0,0,0,0,0,0,0,0,0,0,5,1,0
C:\novel-master\src\main\java\io\github\xxyopen\novel\controller\author\AuthorController.java,io.github.xxyopen.novel.controller.author.AuthorController,class,28,28,0,28,9,1,0,12,0,0.5,0.6111111,0.6111111,9,0,9,0,0,0,9,0,0,0,2,0,0,2,0,0,2,0,0,33,9,0,0,0,0,30,0,0,0,2,0,0,0,0,34,1,0
C:\novel-master\src\main\java\io\github\xxyopen\novel\NovelApplication.java,io.github.xxyopen.novel.NovelApplication,class,13,14,1,13,3,1,0,16,3,0.0,0.0,0.0,3,1,3,0,0,0,3,0,0,0,0,0,0,0,0,0,0,0,0,22,2,0,0,0,0,5,0,1,0,5,2,0,0,3,19,1,3
C:\novel-master\src\main\java\io\github\xxyopen\novel\dao\mapper\AuthorCodeMapper.java,io.github.xxyopen.novel.dao.mapper.AuthorCodeMapper,interface,1,1,0,1,0,1,0,0,0,0.0,-1.0,-1.0,0,0,0,0,0,0,0,0,0,0,0,0,0,0,0,0,0,0,0,2,0,0,0,0,0,0,0,0,0,0,0,0,0,0,5,1,0
C:\novel-master\src\main\java\io\github\xxyopen\novel\dao\entity\PayWechat.java,io.github.xxyopen.novel.dao.entity.PayWechat,class,2,2,0,2,25,1,0,0,228,0.8892308,0.12,1.0,25,0,25,0,0,0,25,0,0,0,13,1,0,13,0,0,1,0,0,90,13,0,0,0,0,16,1,13,2,13,0,0,0,0,64,1,0
C:\novel-master\src\main\java\io\github\xxyopen\novel\service\impl\ResourceServiceImpl.java,io.github.xxyopen.novel.service.impl.ResourceServiceImpl,class,11,11,0,11,6,1,0,22,1,0.5,0.0,0.0,2,0,2,0,0,0,2,0,0,0,2,0,0,2,0,0,1,0,9,28,2,0,1,0,0,5,0,7,4,9,2,0,0,0,34,1,0
C:\novel-master\src\main\java\io\github\xxyopen\novel\dao\entity\BookChapter.java,io.github.xxyopen.novel.dao.entity.BookChapter,class,2,5,3,2,17,1,0,0,88,0.8431372,0.1764706,1.0,17,0,17,0,0,0,17,0,0,0,9,1,0,9,0,0,1,0,0,62,9,0,0,0,0,12,1,9,2,9,0,0,0,0,38,1,0
C:\novel-master\src\main\java\io\github\xxyopen\novel\core\constant\DatabaseConsts.java,io.github.xxyopen.novel.core.constant.DatabaseConsts$BookCommentTable,innerclass,0,0,0,0,1,1,0,0,0,0.0,-1.0,-1.0,1,0,0,1,0,0,0,0,0,0,2,2,2,0,0,0,2,0,0,7,0,0,0,0,0,2,0,2,0,2,0,0,0,0,20,9,0
C:\novel-master\src\main\java\io\github\xxyopen\novel\dao\entity\NewsCategory.java,io.github.xxyopen.novel.dao.entity.NewsCategory,class,2,2,0,2,11,1,0,0,25,0.7727273,0.27272728,1.0,11,0,11,0,0,0,11,0,0,0,6,1,0,6,0,0,1,0,0,41,6,0,0,0,0,9,1,6,2,6,0,0,0,0,32,1,0
C:\novel-master\src\main\java\io\github\xxyopen\novel\dao\entity\AuthorIncomeDetail.java,io.github.xxyopen.novel.dao.entity.AuthorIncomeDetail,class,2,2,0,2,19,1,0,0,117,0.8578948,0.15789473,1.0,19,0,19,0,0,0,19,0,0,0,10,1,0,10,0,0,1,0,0,69,10,0,0,0,0,13,1,10,2,10,0,0,0,0,36,1,0
C:\novel-master\src\main\java\io\github\xxyopen\novel\core\common\constant\ErrorCodeEnum.java,io.github.xxyopen.novel.core.common.constant.ErrorCodeEnum,enum,2,4,2,2,0,1,0,0,0,NaN,-1.0,-1.0,0,0,0,0,0,0,0,0,0,0,2,0,0,2,0,0,2,0,0,28,0,0,0,0,0,48,0,0,0,2,0,0,0,0,32,1,0
C:\novel-master\src\main\java\io\github\xxyopen\novel\core\constant\DatabaseConsts.java,io.github.xxyopen.novel.core.constant.DatabaseConsts$UserBookshelfTable,innerclass,0,0,0,0,1,1,0,0,0,0.0,-1.0,-1.0,1,0,0,1,0,0,0,0,0,0,2,2,2,0,0,0,2,0,0,7,0,0,0,0,0,2,0,2,0,2,0,0,0,0,20,9,0
C:\novel-master\src\main\java\io\github\xxyopen\novel\service\SearchService.java,io.github.xxyopen.novel.service.SearchService,interface,4,7,3,4,1,1,0,0,0,0.0,NaN,NaN,1,0,0,0,0,1,1,0,0,0,0,0,0,0,0,0,0,0,0,3,0,0,0,0,0,0,0,0,0,0,0,0,0,0,9,1,0
C:\novel-master\src\main\java\io\github\xxyopen\novel\core\config\OpenApiConfig.java,io.github.xxyopen.novel.core.config.OpenApiConfig,class,6,6,0,6,0,1,0,0,0,0.0,-1.0,-1.0,0,0,0,0,0,0,0,0,0,0,0,0,0,0,0,0,0,0,0,2,0,0,0,0,0,6,0,0,0,0,0,0,0,0,15,1,0
C:\novel-master\src\main\java\io\github\xxyopen\novel\dto\resp\BookCommentRespDto.java,io.github.xxyopen.novel.dto.resp.BookCommentRespDto,class,4,7,3,4,0,1,0,0,0,NaN,-1.0,-1.0,0,0,0,0,0,0,0,0,0,0,2,0,0,2,0,0,0,0,0,12,0,0,0,0,0,2,0,0,0,2,0,0,1,0,10,1,0
C:\novel-master\src\main\java\io\github\xxyopen\novel\manager\message\AbstractMessageSender.java,io.github.xxyopen.novel.manager.message.AbstractMessageSender,class,2,5,3,2,8,1,2,10,15,0.8333333,0.0,0.0,6,0,1,0,5,0,6,3,1,0,1,1,0,1,0,0,1,0,1,27,3,1,0,0,0,1,1,7,1,7,2,0,0,0,35,1025,0
C:\novel-master\src\main\java\io\github\xxyopen\novel\service\BookService.java,io.github.xxyopen.novel.service.BookService,interface,16,20,4,16,24,1,0,0,276,0.0,0.0,0.0,24,0,0,0,0,24,24,0,0,0,0,0,0,0,0,0,0,0,0,26,0,0,0,0,0,0,0,0,0,0,0,0,0,0,53,1,0
C:\novel-master\src\main\java\io\github\xxyopen\novel\core\constant\DatabaseConsts.java,io.github.xxyopen.novel.core.constant.DatabaseConsts$BookCategoryTable,innerclass,0,0,0,0,1,1,0,0,0,0.0,-1.0,-1.0,1,0,0,1,0,0,0,0,0,0,1,1,1,0,0,0,1,0,0,6,0,0,0,0,0,1,0,1,0,1,0,0,0,0,20,9,0
C:\novel-master\src\main\java\io\github\xxyopen\novel\core\constant\DatabaseConsts.java,io.github.xxyopen.novel.core.constant.DatabaseConsts$AuthorInfoTable,innerclass,0,0,0,0,1,1,0,0,0,0.0,-1.0,-1.0,1,0,0,1,0,0,0,0,0,0,1,1,1,0,0,0,1,0,0,6,0,0,0,0,0,1,0,1,0,1,0,0,0,0,18,9,0
C:\novel-master\src\main\java\io\github\xxyopen\novel\core\interceptor\TokenParseInterceptor.java,io.github.xxyopen.novel.core.interceptor.TokenParseInterceptor,class,7,8,1,7,3,1,0,6,1,0.5,0.0,0.0,2,0,2,0,0,0,2,0,0,0,1,0,0,1,0,0,1,0,0,14,1,0,0,0,0,2,0,1,0,2,1,0,0,0,22,1,0
C:\novel-master\src\main\java\io\github\xxyopen\novel\controller\front\HomeController.java,io.github.xxyopen.novel.controller.front.HomeController,class,10,10,0,10,2,1,0,2,0,0.0,1.0,1.0,2,0,2,0,0,0,2,0,0,0,1,0,0,1,0,0,1,0,0,9,2,0,0,0,0,6,0,0,0,1,0,0,0,0,14,1,0
C:\novel-master\src\main\java\io\github\xxyopen\novel\dao\mapper\NewsContentMapper.java,io.github.xxyopen.novel.dao.mapper.NewsContentMapper,interface,1,2,1,1,0,1,0,0,0,0.0,-1.0,-1.0,0,0,0,0,0,0,0,0,0,0,0,0,0,0,0,0,0,0,0,2,0,0,0,0,0,0,0,0,0,0,0,0,0,0,5,1,0
C:\novel-master\src\main\java\io\github\xxyopen\novel\dao\mapper\UserCommentMapper.java,io.github.xxyopen.novel.dao.mapper.UserCommentMapper,interface,1,1,0,1,0,1,0,0,0,0.0,-1.0,-1.0,0,0,0,0,0,0,0,0,0,0,0,0,0,0,0,0,0,0,0,2,0,0,0,0,0,0,0,0,0,0,0,0,0,0,5,1,0
C:\novel-master\src\main\java\io\github\xxyopen\novel\manager\redis\VerifyCodeManager.java,io.github.xxyopen.novel.manager.redis.VerifyCodeManager,class,5,7,2,5,3,1,0,8,0,0.0,1.0,1.0,3,0,3,0,0,0,3,0,0,0,1,0,0,1,0,0,1,0,2,15,2,0,0,0,0,0,2,2,3,3,0,0,0,0,19,1,0
C:\novel-master\src\main\java\io\github\xxyopen\novel\core\interceptor\FlowLimitInterceptor.java,io.github.xxyopen.novel.core.interceptor.FlowLimitInterceptor,class,12,13,1,12,4,1,0,21,0,0.0,0.0,0.0,1,0,1,0,0,0,2,0,0,0,2,1,0,2,0,0,2,0,2,37,2,0,1,1,0,2,8,8,0,8,2,0,0,0,41,1,1
C:\novel-master\src\main\java\io\github\xxyopen\novel\core\constant\DatabaseConsts.java,io.github.xxyopen.novel.core.constant.DatabaseConsts$CommonColumnEnum,enum,1,1,0,1,1,1,0,0,0,0.0,NaN,NaN,1,0,0,0,0,1,1,0,0,0,1,0,0,1,0,0,0,0,0,5,0,0,0,0,0,4,0,1,0,1,0,0,0,0,18,1,0
C:\novel-master\src\main\java\io\github\xxyopen\novel\core\wrapper\XssHttpServletRequestWrapper.java,io.github.xxyopen.novel.core.wrapper.XssHttpServletRequestWrapper,class,2,3,1,2,5,2,0,4,1,0.5,0.0,0.0,2,0,2,0,0,0,3,0,0,0,1,1,0,1,0,0,1,0,0,24,2,1,1,0,0,4,2,8,0,8,2,0,0,1,29,1,0
C:\novel-master\src\main\java\io\github\xxyopen\novel\dao\entity\SysLog.java,io.github.xxyopen.novel.dao.entity.SysLog,class,2,2,0,2,19,1,0,0,117,0.8578948,0.15789473,1.0,19,0,19,0,0,0,19,0,0,0,10,1,0,10,0,0,1,0,0,69,10,0,0,0,0,13,1,10,2,10,0,0,0,0,39,1,0
C:\novel-master\src\main\java\io\github\xxyopen\novel\manager\message\AbstractMailSender.java,io.github.xxyopen.novel.manager.message.AbstractMailSender,class,8,9,1,8,2,2,1,10,0,0.0,NaN,NaN,1,0,0,0,1,0,1,0,0,0,2,0,0,2,0,0,2,0,0,22,0,0,0,1,0,5,0,3,0,5,1,0,0,0,26,1025,3
C:\novel-master\src\main\java\io\github\xxyopen\novel\controller\front\UserController.java,io.github.xxyopen.novel.controller.front.UserController,class,28,28,0,28,11,1,0,13,1,0.5,0.4909091,0.4909091,11,0,11,0,0,0,11,0,0,0,2,0,0,2,0,0,2,0,0,39,11,0,0,0,0,26,0,0,0,2,0,0,0,0,39,1,0
C:\novel-master\src\main\java\io\github\xxyopen\novel\dao\mapper\SysUserMapper.java,io.github.xxyopen.novel.dao.mapper.SysUserMapper,interface,1,1,0,1,0,1,0,0,0,0.0,-1.0,-1.0,0,0,0,0,0,0,0,0,0,0,0,0,0,0,0,0,0,0,0,2,0,0,0,0,0,0,0,0,0,0,0,0,0,0,5,1,0
C:\novel-master\src\main\java\io\github\xxyopen\novel\core\config\CacheConfig.java,io.github.xxyopen.novel.core.config.CacheConfig,class,12,12,0,12,8,1,0,22,1,0.0,0.0,0.0,2,0,2,0,0,0,2,0,0,0,0,0,0,0,0,0,0,0,6,36,2,2,0,0,0,0,2,7,0,7,3,0,0,0,21,1,0
C:\novel-master\src\main\java\io\github\xxyopen\novel\core\auth\AdminAuthStrategy.java,io.github.xxyopen.novel.core.auth.AdminAuthStrategy,class,3,3,0,3,1,1,0,0,0,0.0,NaN,NaN,1,0,1,0,0,0,1,0,0,0,0,0,0,0,0,0,0,0,0,4,0,0,0,0,0,0,0,0,0,0,0,0,0,0,9,1,0
C:\novel-master\src\main\java\io\github\xxyopen\novel\manager\dao\UserDaoManager.java,io.github.xxyopen.novel.manager.dao.UserDaoManager,class,5,6,1,5,1,1,0,3,0,0.0,NaN,NaN,1,0,1,0,0,0,1,0,0,0,1,0,0,1,0,0,1,0,0,8,1,0,0,0,0,0,0,1,0,2,0,0,0,0,12,1,0
C:\novel-master\src\main\java\io\github\xxyopen\novel\dao\entity\UserFeedback.java,io.github.xxyopen.novel.dao.entity.UserFeedback,class,2,3,1,2,11,1,0,0,25,0.7727273,0.27272728,1.0,11,0,11,0,0,0,11,0,0,0,6,1,0,6,0,0,1,0,0,41,6,0,0,0,0,9,1,6,2,6,0,0,0,0,30,1,0
C:\novel-master\src\main\java\io\github\xxyopen\novel\core\constant\ApiRouterConsts.java,io.github.xxyopen.novel.core.constant.ApiRouterConsts,class,0,0,0,0,1,1,0,0,0,0.0,-1.0,-1.0,1,0,0,1,0,0,0,0,0,0,16,16,16,0,0,0,16,0,0,21,0,0,0,0,0,10,0,16,9,16,0,0,0,0,28,1,0
C:\novel-master\src\main\java\io\github\xxyopen\novel\core\common\constant\CommonConsts.java,io.github.xxyopen.novel.core.common.constant.CommonConsts,class,0,0,0,0,0,1,0,0,0,NaN,-1.0,-1.0,0,0,0,0,0,0,0,0,0,0,4,4,4,0,0,0,4,0,0,21,0,0,0,0,0,2,2,4,0,4,0,0,1,0,24,1,0
C:\novel-master\src\main\java\io\github\xxyopen\novel\dao\mapper\BookInfoMapper.java,io.github.xxyopen.novel.dao.mapper.BookInfoMapper,interface,5,12,7,5,2,1,0,0,1,0.0,0.0,0.0,2,0,0,0,0,2,2,0,0,0,0,0,0,0,0,0,0,0,0,4,0,0,0,0,0,1,0,0,0,0,0,0,0,0,20,1,0
C:\novel-master\src\main\java\io\github\xxyopen\novel\core\interceptor\AuthInterceptor.java,io.github.xxyopen.novel.core.interceptor.AuthInterceptor,class,10,11,1,10,4,1,0,19,3,0.6666667,0.0,0.0,3,0,3,0,0,0,3,0,0,0,2,0,0,2,0,0,2,0,2,28,2,0,0,1,0,5,2,5,1,7,1,0,0,0,37,1,0
C:\novel-master\src\main\java\io\github\xxyopen\novel\manager\mq\AmqpMsgManager.java,io.github.xxyopen.novel.manager.mq.AmqpMsgManager,class,6,8,2,6,4,1,0,4,0,0.25,NaN,NaN,2,0,1,1,0,0,1,0,0,0,2,0,0,2,0,0,1,0,0,21,1,0,0,0,0,1,0,0,0,2,1,1,0,0,22,1,0
C:\novel-master\src\main\java\io\github\xxyopen\novel\core\common\exception\BusinessException.java,io.github.xxyopen.novel.core.common.exception.BusinessException,class,3,9,6,3,1,4,0,1,0,0.0,NaN,NaN,1,0,1,0,0,0,1,0,0,0,1,0,0,1,0,0,1,0,0,7,0,0,0,0,0,0,0,1,0,1,0,0,0,0,11,1,0
C:\novel-master\src\main\java\io\github\xxyopen\novel\dao\mapper\SysMenuMapper.java,io.github.xxyopen.novel.dao.mapper.SysMenuMapper,interface,1,1,0,1,0,1,0,0,0,0.0,-1.0,-1.0,0,0,0,0,0,0,0,0,0,0,0,0,0,0,0,0,0,0,0,2,0,0,0,0,0,0,0,0,0,0,0,0,0,0,5,1,0
C:\novel-master\src\main\java\io\github\xxyopen\novel\dto\resp\UserCommentRespDto.java,io.github.xxyopen.novel.dto.resp.UserCommentRespDto,class,4,7,3,4,0,1,0,0,0,NaN,-1.0,-1.0,0,0,0,0,0,0,0,0,0,0,4,0,0,4,0,0,0,0,0,6,0,0,0,0,0,5,0,0,0,4,0,0,0,0,16,1,0
C:\novel-master\src\main\java\io\github\xxyopen\novel\dto\resp\HomeBookRespDto.java,io.github.xxyopen.novel.dto.resp.HomeBookRespDto,class,2,6,4,2,0,1,0,0,0,NaN,-1.0,-1.0,0,0,0,0,0,0,0,0,0,0,6,0,0,6,0,0,0,0,0,8,0,0,0,0,0,6,0,0,0,6,0,0,0,0,16,1,0
C:\novel-master\src\main\java\io\github\xxyopen\novel\dto\req\BookSearchReqDto.java,io.github.xxyopen.novel.dto.req.BookSearchReqDto,class,5,10,5,5,0,2,0,0,0,NaN,-1.0,-1.0,0,0,0,0,0,0,0,0,0,0,9,0,0,9,0,0,0,0,0,11,0,0,0,0,0,11,0,0,0,9,0,0,0,0,28,1,0
C:\novel-master\src\main\java\io\github\xxyopen\novel\dao\mapper\HomeFriendLinkMapper.java,io.github.xxyopen.novel.dao.mapper.HomeFriendLinkMapper,interface,1,2,1,1,0,1,0,0,0,0.0,-1.0,-1.0,0,0,0,0,0,0,0,0,0,0,0,0,0,0,0,0,0,0,0,2,0,0,0,0,0,0,0,0,0,0,0,0,0,0,6,1,0
C:\novel-master\src\main\java\io\github\xxyopen\novel\dao\entity\UserPayLog.java,io.github.xxyopen.novel.dao.entity.UserPayLog,class,2,2,0,2,25,1,0,0,228,0.8892308,0.12,1.0,25,0,25,0,0,0,25,0,0,0,13,1,0,13,0,0,1,0,0,90,13,0,0,0,0,16,1,13,2,13,0,0,0,0,43,1,0
C:\novel-master\src\main\java\io\github\xxyopen\novel\dto\req\AuthorRegisterReqDto.java,io.github.xxyopen.novel.dto.req.AuthorRegisterReqDto,class,8,11,3,8,0,1,0,0,0,NaN,-1.0,-1.0,0,0,0,0,0,0,0,0,0,0,6,0,0,6,0,0,0,0,0,8,0,0,0,0,0,13,2,0,0,6,0,0,0,0,23,1,0
C:\novel-master\src\main\java\io\github\xxyopen\novel\dao\entity\BookInfo.java,io.github.xxyopen.novel.dao.entity.BookInfo,class,2,10,8,2,41,1,0,0,700,0.93031347,0.07317073,1.0,41,0,41,0,0,0,41,0,0,0,21,1,0,21,0,0,1,0,0,146,21,0,0,0,0,24,1,21,2,21,0,0,0,0,57,1,0
C:\novel-master\src\main\java\io\github\xxyopen\novel\dto\resp\BookCommentRespDto.java,io.github.xxyopen.novel.dto.resp.BookCommentRespDto$CommentInfo,innerclass,6,6,0,6,0,1,0,0,0,NaN,-1.0,-1.0,0,0,0,0,0,0,0,0,0,0,6,0,0,6,0,0,0,0,0,8,0,0,0,0,0,7,0,0,0,6,0,0,0,0,17,9,0
C:\novel-master\src\main\java\io\github\xxyopen\novel\dao\mapper\AuthorInfoMapper.java,io.github.xxyopen.novel.dao.mapper.AuthorInfoMapper,interface,1,3,2,1,0,1,0,0,0,0.0,-1.0,-1.0,0,0,0,0,0,0,0,0,0,0,0,0,0,0,0,0,0,0,0,2,0,0,0,0,0,0,0,0,0,0,0,0,0,0,5,1,0
C:\novel-master\src\main\java\io\github\xxyopen\novel\core\common\exception\CommonExceptionHandler.java,io.github.xxyopen.novel.core.common.exception.CommonExceptionHandler,class,6,6,0,6,3,1,0,6,3,0.0,0.0,0.0,3,0,3,0,0,0,3,0,0,0,0,0,0,0,0,0,0,0,3,14,3,0,0,0,0,0,0,0,0,0,0,0,0,0,8,1,3
C:\novel-master\src\main\java\io\github\xxyopen\novel\dto\resp\ChapterContentRespDto.java,io.github.xxyopen.novel.dto.resp.ChapterContentRespDto,class,3,6,3,3,0,1,0,0,0,NaN,-1.0,-1.0,0,0,0,0,0,0,0,0,0,0,3,0,0,3,0,0,0,0,0,5,0,0,0,0,0,3,0,0,0,3,0,0,0,0,11,1,0
C:\novel-master\src\main\java\io\github\xxyopen\novel\service\ResourceService.java,io.github.xxyopen.novel.service.ResourceService,interface,3,5,2,3,2,1,0,0,1,0.0,0.0,0.0,2,0,0,0,0,2,2,0,0,0,0,0,0,0,0,0,0,0,0,4,0,0,0,0,0,0,0,0,0,0,0,0,0,0,15,1,0
C:\novel-master\src\main\java\io\github\xxyopen\novel\dao\entity\BookComment.java,io.github.xxyopen.novel.dao.entity.BookComment,class,2,3,1,2,17,1,0,0,88,0.8431372,0.1764706,1.0,17,0,17,0,0,0,17,0,0,0,9,1,0,9,0,0,1,0,0,62,9,0,0,0,0,12,1,9,2,9,0,0,0,0,39,1,0
C:\novel-master\src\main\java\io\github\xxyopen\novel\manager\cache\FriendLinkCacheManager.java,io.github.xxyopen.novel.manager.cache.FriendLinkCacheManager,class,6,7,1,6,1,1,0,10,0,0.0,NaN,NaN,1,0,1,0,0,0,1,0,0,0,1,0,0,1,0,0,1,0,0,14,2,0,0,0,0,0,0,2,0,4,1,0,0,1,17,1,0
C:\novel-master\src\main\java\io\github\xxyopen\novel\core\constant\DatabaseConsts.java,io.github.xxyopen.novel.core.constant.DatabaseConsts$UserInfoTable,innerclass,0,0,0,0,1,1,0,0,0,0.0,-1.0,-1.0,1,0,0,1,0,0,0,0,0,0,1,1,1,0,0,0,1,0,0,6,0,0,0,0,0,1,0,1,0,1,0,0,0,0,17,9,0
C:\novel-master\src\main\java\io\github\xxyopen\novel\core\config\MybatisPlusConfig.java,io.github.xxyopen.novel.core.config.MybatisPlusConfig,class,4,4,0,4,1,1,0,1,0,0.0,NaN,NaN,1,0,1,0,0,0,1,0,0,0,0,0,0,0,0,0,0,0,0,7,1,0,0,0,0,0,0,1,0,1,0,0,0,0,9,1,0
C:\novel-master\src\main\java\io\github\xxyopen\novel\dao\entity\AuthorIncome.java,io.github.xxyopen.novel.dao.entity.AuthorIncome,class,2,2,0,2,23,1,0,0,187,0.8804347,0.13043478,1.0,23,0,23,0,0,0,23,0,0,0,12,1,0,12,0,0,1,0,0,83,12,0,0,0,0,15,1,12,2,12,0,0,0,0,45,1,0
C:\novel-master\src\main\java\io\github\xxyopen\novel\dao\entity\UserCommentReply.java,io.github.xxyopen.novel.dao.entity.UserCommentReply,class,1,1,0,1,15,1,0,0,63,0.82500005,0.2,1.0,15,0,15,0,0,0,15,0,0,0,8,1,0,8,0,0,1,0,0,55,8,0,0,0,0,10,1,8,2,8,0,0,0,0,35,1,0
C:\novel-master\src\main\java\io\github\xxyopen\novel\dao\mapper\SysRoleMapper.java,io.github.xxyopen.novel.dao.mapper.SysRoleMapper,interface,1,1,0,1,0,1,0,0,0,0.0,-1.0,-1.0,0,0,0,0,0,0,0,0,0,0,0,0,0,0,0,0,0,0,0,2,0,0,0,0,0,0,0,0,0,0,0,0,0,0,5,1,0
C:\novel-master\src\main\java\io\github\xxyopen\novel\dao\mapper\NewsInfoMapper.java,io.github.xxyopen.novel.dao.mapper.NewsInfoMapper,interface,1,3,2,1,0,1,0,0,0,0.0,-1.0,-1.0,0,0,0,0,0,0,0,0,0,0,0,0,0,0,0,0,0,0,0,2,0,0,0,0,0,0,0,0,0,0,0,0,0,0,5,1,0
C:\novel-master\src\main\java\io\github\xxyopen\novel\dao\entity\SysRole.java,io.github.xxyopen.novel.dao.entity.SysRole,class,2,2,0,2,13,1,0,0,42,0.8021979,0.23076923,1.0,13,0,13,0,0,0,13,0,0,0,7,1,0,7,0,0,1,0,0,48,7,0,0,0,0,10,1,7,2,7,0,0,0,0,32,1,0
C:\novel-master\src\main\java\io\github\xxyopen\novel\manager\cache\BookInfoCacheManager.java,io.github.xxyopen.novel.manager.cache.BookInfoCacheManager,class,12,14,2,12,4,1,0,43,4,0.625,0.16666667,0.16666667,4,0,4,0,0,0,4,0,0,0,2,0,0,2,0,0,2,0,0,21,3,0,0,0,0,0,1,4,0,6,0,0,0,0,24,1,0
C:\novel-master\src\main\java\io\github\xxyopen\novel\core\common\resp\RestResp.java,io.github.xxyopen.novel.core.common.resp.RestResp,class,5,31,26,5,8,1,0,3,20,0.7083333,0.0,0.0,8,4,5,3,0,0,5,0,0,0,3,0,0,3,0,0,0,0,1,32,5,0,0,0,0,3,0,5,0,3,0,0,0,0,17,1,0
C:\novel-master\src\main\java\io\github\xxyopen\novel\dao\mapper\UserReadHistoryMapper.java,io.github.xxyopen.novel.dao.mapper.UserReadHistoryMapper,interface,1,1,0,1,0,1,0,0,0,0.0,-1.0,-1.0,0,0,0,0,0,0,0,0,0,0,0,0,0,0,0,0,0,0,0,2,0,0,0,0,0,0,0,0,0,0,0,0,0,0,6,1,0
C:\novel-master\src\main\java\io\github\xxyopen\novel\dao\mapper\AuthorIncomeMapper.java,io.github.xxyopen.novel.dao.mapper.AuthorIncomeMapper,interface,1,1,0,1,0,1,0,0,0,0.0,-1.0,-1.0,0,0,0,0,0,0,0,0,0,0,0,0,0,0,0,0,0,0,0,2,0,0,0,0,0,0,0,0,0,0,0,0,0,0,5,1,0
C:\novel-master\src\main\java\io\github\xxyopen\novel\dto\req\ChapterAddReqDto.java,io.github.xxyopen.novel.dto.req.ChapterAddReqDto,class,5,8,3,5,0,1,0,0,0,NaN,-1.0,-1.0,0,0,0,0,0,0,0,0,0,0,4,0,0,4,0,0,0,0,0,6,0,0,0,0,0,4,1,0,0,4,0,0,0,0,17,1,0
C:\novel-master\src\main\java\io\github\xxyopen\novel\manager\cache\BookCategoryCacheManager.java,io.github.xxyopen.novel.manager.cache.BookCategoryCacheManager,class,6,7,1,6,1,1,0,11,0,0.0,NaN,NaN,1,0,1,0,0,0,1,0,0,0,1,0,0,1,0,0,1,0,0,8,1,0,0,0,0,0,0,1,0,3,0,0,0,1,15,1,0
C:\novel-master\src\main\java\io\github\xxyopen\novel\dao\mapper\NewsCategoryMapper.java,io.github.xxyopen.novel.dao.mapper.NewsCategoryMapper,interface,1,1,0,1,0,1,0,0,0,0.0,-1.0,-1.0,0,0,0,0,0,0,0,0,0,0,0,0,0,0,0,0,0,0,0,2,0,0,0,0,0,0,0,0,0,0,0,0,0,0,5,1,0
C:\novel-master\src\main\java\io\github\xxyopen\novel\core\json\deserializer\GlobalJsonDeserializer.java,io.github.xxyopen.novel.core.json.deserializer.GlobalJsonDeserializer,class,2,2,0,2,0,2,0,0,0,0.0,-1.0,-1.0,0,0,0,0,0,0,0,0,0,0,0,0,0,0,0,0,0,0,0,7,0,0,0,0,0,0,0,0,0,0,0,0,1,0,8,1,0
C:\novel-master\src\main\java\io\github\xxyopen\novel\dao\entity\BookContent.java,io.github.xxyopen.novel.dao.entity.BookContent,class,2,4,2,2,11,1,0,0,25,0.7727273,0.27272728,1.0,11,0,11,0,0,0,11,0,0,0,6,1,0,6,0,0,1,0,0,41,6,0,0,0,0,9,1,6,2,6,0,0,0,0,30,1,0
C:\novel-master\src\main\java\io\github\xxyopen\novel\manager\cache\AuthorInfoCacheManager.java,io.github.xxyopen.novel.manager.cache.AuthorInfoCacheManager,class,8,11,3,8,3,1,0,13,1,0.5,0.0,0.0,2,0,2,0,0,0,2,0,0,0,1,0,0,1,0,0,1,0,1,14,2,0,0,0,0,1,0,2,0,3,1,0,0,0,17,1,0
C:\novel-master\src\main\java\io\github\xxyopen\novel\core\constant\DatabaseConsts.java,io.github.xxyopen.novel.core.constant.DatabaseConsts$UserFeedBackTable,innerclass,0,0,0,0,1,1,0,0,0,0.0,-1.0,-1.0,1,0,0,1,0,0,0,0,0,0,1,1,1,0,0,0,1,0,0,6,0,0,0,0,0,1,0,1,0,1,0,0,0,0,19,9,0
C:\novel-master\src\main\java\io\github\xxyopen\novel\service\impl\AuthorServiceImpl.java,io.github.xxyopen.novel.service.impl.AuthorServiceImpl,class,10,10,0,10,4,1,0,25,0,0.25,1.0,1.0,2,0,2,0,0,0,2,0,0,0,2,0,0,2,0,0,2,0,8,27,3,0,0,0,0,1,0,3,0,5,1,0,0,0,20,1,0
C:\novel-master\src\main\java\io\github\xxyopen\novel\core\config\AmqpConfig.java,io.github.xxyopen.novel.core.config.AmqpConfig,class,6,7,1,6,3,1,0,4,3,0.0,0.0,0.0,3,0,3,0,0,0,3,0,0,0,0,0,0,0,0,0,0,0,0,11,3,0,0,0,0,0,0,0,0,0,0,0,0,0,17,1,0
C:\novel-master\src\main\java\io\github\xxyopen\novel\dao\mapper\SysLogMapper.java,io.github.xxyopen.novel.dao.mapper.SysLogMapper,interface,1,1,0,1,0,1,0,0,0,0.0,-1.0,-1.0,0,0,0,0,0,0,0,0,0,0,0,0,0,0,0,0,0,0,0,2,0,0,0,0,0,0,0,0,0,0,0,0,0,0,5,1,0
C:\novel-master\src\main\java\io\github\xxyopen\novel\core\config\XxlJobConfig.java,io.github.xxyopen.novel.core.config.XxlJobConfig,class,6,6,0,6,1,1,0,5,0,0.0,NaN,NaN,1,0,1,0,0,0,1,0,0,0,4,0,0,4,0,0,0,0,0,15,1,0,0,0,0,8,0,1,0,5,0,0,0,0,22,1,1
C:\novel-master\src\main\java\io\github\xxyopen\novel\manager\message\SeckillSystemNoticeSender.java,io.github.xxyopen.novel.manager.message.SeckillSystemNoticeSender,class,2,2,0,2,2,3,0,0,1,0.0,0.0,0.0,2,0,0,0,2,0,2,0,0,0,0,0,0,0,0,0,0,0,0,8,2,0,0,0,0,2,0,0,0,0,0,0,0,0,12,1,0
C:\novel-master\src\main\java\io\github\xxyopen\novel\controller\front\NewsController.java,io.github.xxyopen.novel.controller.front.NewsController,class,11,11,0,11,2,1,0,2,0,0.0,1.0,1.0,2,0,2,0,0,0,2,0,0,0,1,0,0,1,0,0,1,0,0,9,2,0,0,0,0,7,0,0,0,1,0,0,0,0,16,1,0
C:\novel-master\src\main\java\io\github\xxyopen\novel\dao\entity\NewsInfo.java,io.github.xxyopen.novel.dao.entity.NewsInfo,class,2,3,1,2,15,1,0,0,63,0.82500005,0.2,1.0,15,0,15,0,0,0,15,0,0,0,8,1,0,8,0,0,1,0,0,55,8,0,0,0,0,11,1,8,2,8,0,0,0,0,34,1,0
C:\novel-master\src\main\java\io\github\xxyopen\novel\core\constant\AmqpConsts.java,io.github.xxyopen.novel.core.constant.AmqpConsts,class,0,0,0,0,0,1,0,0,0,0.0,-1.0,-1.0,0,0,0,0,0,0,0,0,0,0,0,0,0,0,0,0,0,0,0,7,0,0,0,0,0,0,0,0,0,0,0,0,1,0,7,1,0
C:\novel-master\src\main\java\io\github\xxyopen\novel\manager\mq\AmqpMsgManager.java,io.github.xxyopen.novel.manager.mq.AmqpMsgManager$Anonymous1,anonymous,0,0,0,0,1,1,0,1,0,0.0,NaN,NaN,1,0,1,0,0,0,1,0,0,0,0,0,0,0,0,0,0,0,0,5,0,0,0,0,0,0,0,0,0,0,0,0,0,0,2,-1,0
C:\novel-master\src\main\java\io\github\xxyopen\novel\dto\resp\UserRegisterRespDto.java,io.github.xxyopen.novel.dto.resp.UserRegisterRespDto,class,3,6,3,3,0,1,0,0,0,NaN,-1.0,-1.0,0,0,0,0,0,0,0,0,0,0,2,0,0,2,0,0,0,0,0,4,0,0,0,0,0,2,0,0,0,2,0,0,0,0,9,1,0
C:\novel-master\src\main\java\io\github\xxyopen\novel\dto\resp\ImgVerifyCodeRespDto.java,io.github.xxyopen.novel.dto.resp.ImgVerifyCodeRespDto,class,3,6,3,3,0,1,0,0,0,NaN,-1.0,-1.0,0,0,0,0,0,0,0,0,0,0,2,0,0,2,0,0,0,0,0,4,0,0,0,0,0,2,0,0,0,2,0,0,0,0,11,1,0
C:\novel-master\src\main\java\io\github\xxyopen\novel\dao\mapper\PayAlipayMapper.java,io.github.xxyopen.novel.dao.mapper.PayAlipayMapper,interface,1,1,0,1,0,1,0,0,0,0.0,-1.0,-1.0,0,0,0,0,0,0,0,0,0,0,0,0,0,0,0,0,0,0,0,2,0,0,0,0,0,0,0,0,0,0,0,0,0,0,5,1,0
C:\novel-master\src\main\java\io\github\xxyopen\novel\dao\mapper\BookCommentCopy1Mapper.java,io.github.xxyopen.novel.dao.mapper.BookCommentCopy1Mapper,interface,1,1,0,1,0,1,0,0,0,0.0,-1.0,-1.0,0,0,0,0,0,0,0,0,0,0,0,0,0,0,0,0,0,0,0,2,0,0,0,0,0,0,0,0,0,0,0,0,0,0,6,1,0
C:\novel-master\src\main\java\io\github\xxyopen\novel\core\constant\EsConsts.java,io.github.xxyopen.novel.core.constant.EsConsts$BookIndex,innerclass,0,0,0,0,1,1,0,0,0,0.0,-1.0,-1.0,1,0,0,1,0,0,0,0,0,0,18,18,18,0,0,0,18,0,0,23,0,0,0,0,0,18,0,18,0,18,0,0,0,0,31,9,0
C:\novel-master\src\main\java\io\github\xxyopen\novel\dao\mapper\BookCommentReplyMapper.java,io.github.xxyopen.novel.dao.mapper.BookCommentReplyMapper,interface,1,1,0,1,0,1,0,0,0,0.0,-1.0,-1.0,0,0,0,0,0,0,0,0,0,0,0,0,0,0,0,0,0,0,0,2,0,0,0,0,0,0,0,0,0,0,0,0,0,0,6,1,0
C:\novel-master\src\main\java\io\github\xxyopen\novel\core\config\WebConfig.java,io.github.xxyopen.novel.core.config.WebConfig,class,8,8,0,8,1,1,0,4,0,0.0,NaN,NaN,1,0,1,0,0,0,1,0,0,0,4,0,0,4,0,0,4,0,0,12,0,0,0,0,0,9,4,0,8,4,0,0,0,0,25,1,0
C:\novel-master\src\main\java\io\github\xxyopen\novel\core\json\serializer\UsernameSerializer.java,io.github.xxyopen.novel.core.json.serializer.UsernameSerializer,class,3,4,1,3,1,2,0,3,0,0.0,NaN,NaN,1,0,1,0,0,0,1,0,0,0,0,0,0,0,0,0,0,0,0,5,0,0,0,0,0,1,3,0,1,0,0,0,0,0,11,1,0
C:\novel-master\src\main\java\io\github\xxyopen\novel\core\json\deserializer\GlobalJsonDeserializer.java,io.github.xxyopen.novel.core.json.deserializer.GlobalJsonDeserializer$StringDeserializer,innerclass,3,3,0,3,1,2,0,2,0,0.0,NaN,NaN,1,0,1,0,0,0,1,0,0,0,0,0,0,0,0,0,0,0,0,5,1,0,0,0,0,4,0,0,0,0,0,0,0,0,15,9,0
C:\novel-master\src\main\java\io\github\xxyopen\novel\core\util\JwtUtils.java,io.github.xxyopen.novel.core.util.JwtUtils,class,5,10,5,5,4,1,0,19,0,0.0,1.0,1.0,2,0,2,0,0,0,2,0,0,0,2,1,0,2,0,0,1,0,2,20,3,0,0,1,0,4,0,2,0,3,2,0,0,0,30,1,1
C:\novel-master\src\main\java\io\github\xxyopen\novel\dto\resp\NewsInfoRespDto.java,io.github.xxyopen.novel.dto.resp.NewsInfoRespDto,class,4,8,4,4,0,1,0,0,0,NaN,-1.0,-1.0,0,0,0,0,0,0,0,0,0,0,7,0,0,7,0,0,0,0,0,9,0,0,0,0,0,8,0,0,0,7,0,0,0,0,22,1,0
C:\novel-master\src\main\java\io\github\xxyopen\novel\dao\entity\UserInfo.java,io.github.xxyopen.novel.dao.entity.UserInfo,class,2,6,4,2,23,1,0,0,187,0.8804347,0.13043478,1.0,23,0,23,0,0,0,23,0,0,0,12,1,0,12,0,0,1,0,0,83,12,0,0,0,0,15,1,12,2,12,0,0,0,0,45,1,0
C:\novel-master\src\main\java\io\github\xxyopen\novel\manager\cache\BookChapterCacheManager.java,io.github.xxyopen.novel.manager.cache.BookChapterCacheManager,class,7,8,1,7,2,1,0,16,1,0.5,0.0,0.0,2,0,2,0,0,0,2,0,0,0,1,0,0,1,0,0,1,0,0,9,1,0,0,0,0,0,0,1,0,2,0,0,0,0,15,1,0
C:\novel-master\src\main\java\io\github\xxyopen\novel\manager\cache\BookContentCacheManager.java,io.github.xxyopen.novel.manager.cache.BookContentCacheManager,class,7,8,1,7,2,1,0,5,1,0.5,0.0,0.0,2,0,2,0,0,0,2,0,0,0,1,0,0,1,0,0,1,0,0,11,1,0,0,0,0,0,0,2,0,3,0,0,0,0,16,1,0
C:\novel-master\src\main\java\io\github\xxyopen\novel\dao\entity\UserComment.java,io.github.xxyopen.novel.dao.entity.UserComment,class,2,2,0,2,17,1,0,0,88,0.8431372,0.1764706,1.0,17,0,17,0,0,0,17,0,0,0,9,1,0,9,0,0,1,0,0,62,9,0,0,0,0,12,1,9,2,9,0,0,0,0,39,1,0
C:\novel-master\src\main\java\io\github\xxyopen\novel\dto\resp\UserInfoRespDto.java,io.github.xxyopen.novel.dto.resp.UserInfoRespDto,class,3,6,3,3,0,1,0,0,0,NaN,-1.0,-1.0,0,0,0,0,0,0,0,0,0,0,3,0,0,3,0,0,0,0,0,5,0,0,0,0,0,3,0,0,0,3,0,0,0,0,12,1,0
C:\novel-master\src\main\java\io\github\xxyopen\novel\service\impl\NewsServiceImpl.java,io.github.xxyopen.novel.service.impl.NewsServiceImpl,class,11,11,0,11,2,1,0,18,1,0.5,0.0,0.0,2,0,2,0,0,0,2,0,0,0,3,0,0,3,0,0,3,0,2,15,2,0,0,0,0,0,0,3,0,6,0,0,0,0,17,1,0
C:\novel-master\src\main\java\io\github\xxyopen\novel\dao\entity\SysUserRole.java,io.github.xxyopen.novel.dao.entity.SysUserRole,class,2,2,0,2,11,1,0,0,25,0.7727273,0.27272728,1.0,11,0,11,0,0,0,11,0,0,0,6,1,0,6,0,0,1,0,0,41,6,0,0,0,0,9,1,6,2,6,0,0,0,0,30,1,0
C:\novel-master\src\main\java\io\github\xxyopen\novel\dao\entity\BookCommentCopy1.java,io.github.xxyopen.novel.dao.entity.BookCommentCopy1,class,2,2,0,2,17,1,0,0,88,0.8431372,0.1764706,1.0,17,0,17,0,0,0,17,0,0,0,9,1,0,9,0,0,1,0,0,62,9,0,0,0,0,12,1,9,2,9,0,0,0,0,40,1,0
C:\novel-master\src\main\java\io\github\xxyopen\novel\core\constant\DatabaseConsts.java,io.github.xxyopen.novel.core.constant.DatabaseConsts$BookContentTable,innerclass,0,0,0,0,1,1,0,0,0,0.0,-1.0,-1.0,1,0,0,1,0,0,0,0,0,0,1,1,1,0,0,0,1,0,0,6,0,0,0,0,0,1,0,1,0,1,0,0,0,0,21,9,0
C:\novel-master\src\main\java\io\github\xxyopen\novel\core\common\util\IpUtils.java,io.github.xxyopen.novel.core.common.util.IpUtils,class,2,3,1,2,15,1,0,6,0,0.0,NaN,NaN,1,0,1,0,0,0,1,0,0,0,2,2,0,2,0,0,2,0,0,24,1,0,9,0,0,6,5,9,0,4,1,0,0,0,28,1,0
C:\novel-master\src\main\java\io\github\xxyopen\novel\core\config\CorsConfig.java,io.github.xxyopen.novel.core.config.CorsConfig,class,8,8,0,8,2,1,0,6,0,0.0,NaN,NaN,1,0,1,0,0,0,1,0,0,0,1,0,0,1,0,0,1,0,0,15,1,1,0,0,0,3,0,2,0,3,1,0,0,0,15,1,0
C:\novel-master\src\main\java\io\github\xxyopen\novel\core\constant\CacheConsts.java,io.github.xxyopen.novel.core.constant.CacheConsts$CacheEnum,enum,0,0,0,0,8,1,0,0,3,0.625,0.4,1.0,6,0,5,0,0,1,6,0,0,0,4,0,0,4,0,0,0,0,0,27,5,0,0,0,0,0,58,4,10,4,0,0,0,0,38,1,0
C:\novel-master\src\main\java\io\github\xxyopen\novel\core\constant\DatabaseConsts.java,io.github.xxyopen.novel.core.constant.DatabaseConsts,class,0,0,0,0,0,1,0,0,0,0.0,-1.0,-1.0,0,0,0,0,0,0,0,0,0,0,0,0,0,0,0,0,0,0,0,81,0,0,0,0,0,0,0,0,0,0,0,0,12,0,29,1,0
C:\novel-master\src\main\java\io\github\xxyopen\novel\dto\req\UserLoginReqDto.java,io.github.xxyopen.novel.dto.req.UserLoginReqDto,class,4,7,3,4,0,1,0,0,0,NaN,-1.0,-1.0,0,0,0,0,0,0,0,0,0,0,2,0,0,2,0,0,0,0,0,4,0,0,0,0,0,8,0,0,0,2,0,0,0,0,10,1,0
C:\novel-master\src\main\java\io\github\xxyopen\novel\manager\cache\HomeBookCacheManager.java,io.github.xxyopen.novel.manager.cache.HomeBookCacheManager,class,9,10,1,9,3,1,0,27,0,0.0,NaN,NaN,1,0,1,0,0,0,1,0,0,0,2,0,0,2,0,0,2,0,3,31,3,0,0,0,0,0,0,8,0,11,3,0,0,1,21,1,0
C:\novel-master\src\main\java\io\github\xxyopen\novel\dao\entity\UserBookshelf.java,io.github.xxyopen.novel.dao.entity.UserBookshelf,class,2,2,0,2,13,1,0,0,42,0.8021979,0.23076923,1.0,13,0,13,0,0,0,13,0,0,0,7,1,0,7,0,0,1,0,0,48,7,0,0,0,0,10,1,7,2,7,0,0,0,0,33,1,0
C:\novel-master\src\main\java\io\github\xxyopen\novel\dto\es\EsBookDto.java,io.github.xxyopen.novel.dto.es.EsBookDto,class,6,8,2,6,1,1,0,39,0,0.0,NaN,NaN,1,1,1,0,0,0,1,0,0,0,17,0,0,17,0,0,0,0,1,22,1,0,0,0,0,0,1,0,0,17,0,0,0,0,33,1,0
C:\novel-master\src\main\java\io\github\xxyopen\novel\controller\front\SearchController.java,io.github.xxyopen.novel.controller.front.SearchController,class,12,12,0,12,1,1,0,1,0,0.0,NaN,NaN,1,0,1,0,0,0,1,0,0,0,1,0,0,1,0,0,1,0,0,6,1,0,0,0,0,4,0,0,0,1,0,0,0,0,15,1,0
C:\novel-master\src\main\java\io\github\xxyopen\novel\dao\mapper\BookChapterMapper.java,io.github.xxyopen.novel.dao.mapper.BookChapterMapper,interface,1,4,3,1,0,1,0,0,0,0.0,-1.0,-1.0,0,0,0,0,0,0,0,0,0,0,0,0,0,0,0,0,0,0,0,2,0,0,0,0,0,0,0,0,0,0,0,0,0,0,5,1,0
C:\novel-master\src\main\java\io\github\xxyopen\novel\dao\mapper\UserPayLogMapper.java,io.github.xxyopen.novel.dao.mapper.UserPayLogMapper,interface,1,1,0,1,0,1,0,0,0,0.0,-1.0,-1.0,0,0,0,0,0,0,0,0,0,0,0,0,0,0,0,0,0,0,0,2,0,0,0,0,0,0,0,0,0,0,0,0,0,0,6,1,0
C:\novel-master\src\main\java\io\github\xxyopen\novel\dao\entity\UserReadHistory.java,io.github.xxyopen.novel.dao.entity.UserReadHistory,class,2,2,0,2,13,1,0,0,42,0.8021979,0.23076923,1.0,13,0,13,0,0,0,13,0,0,0,7,1,0,7,0,0,1,0,0,48,7,0,0,0,0,10,1,7,2,7,0,0,0,0,34,1,0
C:\novel-master\src\main\java\io\github\xxyopen\novel\core\constant\AmqpConsts.java,io.github.xxyopen.novel.core.constant.AmqpConsts$BookChangeMq,innerclass,0,0,0,0,0,1,0,0,0,NaN,-1.0,-1.0,0,0,0,0,0,0,0,0,0,0,3,3,3,0,0,0,3,0,0,5,0,0,0,0,0,3,0,3,0,3,0,0,0,0,26,9,0
C:\novel-master\src\main\java\io\github\xxyopen\novel\core\filter\XssFilter.java,io.github.xxyopen.novel.core.filter.XssFilter,class,14,15,1,14,8,1,0,9,6,0.75,0.0,0.0,4,0,3,1,0,0,3,0,0,0,1,0,0,1,0,0,1,0,1,32,4,1,0,0,0,5,0,5,1,6,2,0,0,0,35,1,0
C:\novel-master\src\main\java\io\github\xxyopen\novel\dao\mapper\UserConsumeLogMapper.java,io.github.xxyopen.novel.dao.mapper.UserConsumeLogMapper,interface,1,1,0,1,0,1,0,0,0,0.0,-1.0,-1.0,0,0,0,0,0,0,0,0,0,0,0,0,0,0,0,0,0,0,0,2,0,0,0,0,0,0,0,0,0,0,0,0,0,0,6,1,0
C:\novel-master\src\main\java\io\github\xxyopen\novel\core\auth\AuthStrategy.java,io.github.xxyopen.novel.core.auth.AuthStrategy,interface,5,9,4,5,5,1,0,5,1,0.0,0.0,0.0,2,0,0,0,0,2,2,0,0,0,0,0,0,0,0,0,0,0,2,18,1,0,0,0,0,0,0,2,0,2,1,0,0,0,25,1,0
C:\novel-master\src\main\java\io\github\xxyopen\novel\dao\entity\SysUser.java,io.github.xxyopen.novel.dao.entity.SysUser,class,2,2,0,2,23,1,0,0,187,0.8804347,0.13043478,1.0,23,0,23,0,0,0,23,0,0,0,12,1,0,12,0,0,1,0,0,83,12,0,0,0,0,15,1,12,2,12,0,0,0,0,44,1,0
C:\novel-master\src\main\java\io\github\xxyopen\novel\core\interceptor\FileInterceptor.java,io.github.xxyopen.novel.core.interceptor.FileInterceptor,class,7,8,1,7,2,1,0,6,0,0.0,NaN,NaN,1,0,1,0,0,0,1,0,0,0,1,0,0,1,0,0,0,0,1,14,1,1,1,1,1,3,8,5,3,6,2,0,0,0,26,1,0
C:\novel-master\src\main\java\io\github\xxyopen\novel\dao\entity\SysRoleMenu.java,io.github.xxyopen.novel.dao.entity.SysRoleMenu,class,2,2,0,2,11,1,0,0,25,0.7727273,0.27272728,1.0,11,0,11,0,0,0,11,0,0,0,6,1,0,6,0,0,1,0,0,41,6,0,0,0,0,9,1,6,2,6,0,0,0,0,30,1,0
C:\novel-master\src\main\java\io\github\xxyopen\novel\dao\entity\AuthorCode.java,io.github.xxyopen.novel.dao.entity.AuthorCode,class,2,2,0,2,13,1,0,0,42,0.8021979,0.23076923,1.0,13,0,13,0,0,0,13,0,0,0,7,1,0,7,0,0,1,0,0,48,7,0,0,0,0,10,1,7,2,7,0,0,0,0,35,1,0
C:\novel-master\src\main\java\io\github\xxyopen\novel\dto\resp\BookChapterAboutRespDto.java,io.github.xxyopen.novel.dto.resp.BookChapterAboutRespDto,class,4,7,3,4,0,1,0,0,0,NaN,-1.0,-1.0,0,0,0,0,0,0,0,0,0,0,3,0,0,3,0,0,0,0,0,5,0,0,0,0,0,2,0,0,0,3,0,0,0,0,13,1,0
C:\novel-master\src\main\java\io\github\xxyopen\novel\dao\mapper\SysRoleMenuMapper.java,io.github.xxyopen.novel.dao.mapper.SysRoleMenuMapper,interface,1,1,0,1,0,1,0,0,0,0.0,-1.0,-1.0,0,0,0,0,0,0,0,0,0,0,0,0,0,0,0,0,0,0,0,2,0,0,0,0,0,0,0,0,0,0,0,0,0,0,6,1,0
C:\novel-master\src\main\java\io\github\xxyopen\novel\service\UserService.java,io.github.xxyopen.novel.service.UserService,interface,7,9,2,7,7,1,0,0,21,0.0,0.0,0.0,7,0,0,0,0,7,7,0,0,0,0,0,0,0,0,0,0,0,0,9,0,0,0,0,0,0,0,0,0,0,0,0,0,0,28,1,0
C:\novel-master\src\main\java\io\github\xxyopen\novel\dao\entity\HomeBook.java,io.github.xxyopen.novel.dao.entity.HomeBook,class,2,3,1,2,13,1,0,0,42,0.8021979,0.23076923,1.0,13,0,13,0,0,0,13,0,0,0,7,1,0,7,0,0,1,0,0,48,7,0,0,0,0,10,1,7,2,7,0,0,0,0,33,1,0
C:\novel-master\src\main\java\io\github\xxyopen\novel\dto\req\UserCommentReqDto.java,io.github.xxyopen.novel.dto.req.UserCommentReqDto,class,5,8,3,5,0,1,0,0,0,NaN,-1.0,-1.0,0,0,0,0,0,0,0,0,0,0,3,0,0,3,0,0,0,0,0,5,0,0,0,0,0,4,2,0,0,3,0,0,0,0,15,1,0
C:\novel-master\src\main\java\io\github\xxyopen\novel\manager\cache\NewsCacheManager.java,io.github.xxyopen.novel.manager.cache.NewsCacheManager,class,6,7,1,6,1,1,0,22,0,0.0,NaN,NaN,1,0,1,0,0,0,1,0,0,0,1,0,0,1,0,0,1,0,0,8,1,0,0,0,0,0,0,1,0,3,0,0,0,1,13,1,0
C:\novel-master\src\main\java\io\github\xxyopen\novel\manager\cache\BookRankCacheManager.java,io.github.xxyopen.novel.manager.cache.BookRankCacheManager,class,7,9,2,7,4,1,0,30,6,0.75,0.0,0.0,4,0,3,1,0,0,3,0,0,0,1,0,0,1,0,0,1,0,0,36,5,0,0,0,0,0,3,4,0,6,1,0,0,1,20,1,0
C:\novel-master\src\main\java\io\github\xxyopen\novel\controller\front\BookController.java,io.github.xxyopen.novel.controller.front.BookController,class,18,18,0,18,13,1,0,13,0,0.0,1.0,1.0,13,0,13,0,0,0,13,0,0,0,1,0,0,1,0,0,1,0,0,42,13,0,0,0,0,42,0,0,0,1,0,0,0,0,43,1,0
C:\novel-master\src\main\java\io\github\xxyopen\novel\core\auth\FrontAuthStrategy.java,io.github.xxyopen.novel.core.auth.FrontAuthStrategy,class,5,5,0,5,1,1,0,1,0,0.0,NaN,NaN,1,0,1,0,0,0,1,0,0,0,2,0,0,2,0,0,2,0,0,7,0,0,0,0,0,0,0,0,0,2,0,0,0,0,19,1,0
C:\novel-master\src\main\java\io\github\xxyopen\novel\dao\mapper\SysUserRoleMapper.java,io.github.xxyopen.novel.dao.mapper.SysUserRoleMapper,interface,1,1,0,1,0,1,0,0,0,0.0,-1.0,-1.0,0,0,0,0,0,0,0,0,0,0,0,0,0,0,0,0,0,0,0,2,0,0,0,0,0,0,0,0,0,0,0,0,0,0,6,1,0
C:\novel-master\src\main\java\io\github\xxyopen\novel\manager\cache\UserInfoCacheManager.java,io.github.xxyopen.novel.manager.cache.UserInfoCacheManager,class,6,9,3,6,2,1,0,8,0,0.0,NaN,NaN,1,0,1,0,0,0,1,0,0,0,1,0,0,1,0,0,1,0,1,10,2,0,0,0,0,0,0,1,0,2,1,0,0,0,13,1,0
C:\novel-master\src\main\java\io\github\xxyopen\novel\core\constant\EsConsts.java,io.github.xxyopen.novel.core.constant.EsConsts,class,0,0,0,0,1,1,0,0,0,0.0,-1.0,-1.0,1,0,0,1,0,0,0,0,0,0,0,0,0,0,0,0,0,0,0,28,0,0,0,0,0,0,0,0,0,0,0,0,1,0,7,1,0
C:\novel-master\src\main\java\io\github\xxyopen\novel\dao\entity\BookCommentReply.java,io.github.xxyopen.novel.dao.entity.BookCommentReply,class,1,1,0,1,15,1,0,0,63,0.82500005,0.2,1.0,15,0,15,0,0,0,15,0,0,0,8,1,0,8,0,0,1,0,0,55,8,0,0,0,0,10,1,8,2,8,0,0,0,0,36,1,0
C:\novel-master\src\main\java\io\github\xxyopen\novel\dao\mapper\UserInfoMapper.java,io.github.xxyopen.novel.dao.mapper.UserInfoMapper,interface,1,4,3,1,0,1,0,0,0,0.0,-1.0,-1.0,0,0,0,0,0,0,0,0,0,0,0,0,0,0,0,0,0,0,0,2,0,0,0,0,0,0,0,0,0,0,0,0,0,0,5,1,0
C:\novel-master\src\main\java\io\github\xxyopen\novel\core\constant\DatabaseConsts.java,io.github.xxyopen.novel.core.constant.DatabaseConsts$SqlEnum,enum,1,1,0,1,1,1,0,0,0,0.0,NaN,NaN,1,0,0,0,0,1,1,0,0,0,1,0,0,1,0,0,0,0,0,5,0,0,0,0,0,5,0,1,0,1,0,0,0,0,13,1,0
C:\novel-master\src\main\java\io\github\xxyopen\novel\core\constant\CacheConsts.java,io.github.xxyopen.novel.core.constant.CacheConsts,class,0,0,0,0,0,1,0,0,0,NaN,-1.0,-1.0,0,0,0,0,0,0,0,0,0,0,17,17,17,0,0,0,17,0,0,46,0,0,0,0,0,17,0,17,1,17,0,0,1,0,43,1,0
C:\novel-master\src\main\java\io\github\xxyopen\novel\core\constant\DatabaseConsts.java,io.github.xxyopen.novel.core.constant.DatabaseConsts$NewsContentTable,innerclass,0,0,0,0,1,1,0,0,0,0.0,-1.0,-1.0,1,0,0,1,0,0,0,0,0,0,1,1,1,0,0,0,1,0,0,6,0,0,0,0,0,1,0,1,0,1,0,0,0,0,18,9,0
C:\novel-master\src\main\java\io\github\xxyopen\novel\core\constant\DatabaseConsts.java,io.github.xxyopen.novel.core.constant.DatabaseConsts$BookTable,innerclass,0,0,0,0,1,1,0,0,0,0.0,-1.0,-1.0,1,0,0,1,0,0,0,0,0,0,6,6,6,0,0,0,6,0,0,11,0,0,0,0,0,6,0,6,0,6,0,0,0,0,27,9,0
C:\novel-master\src\main\java\io\github\xxyopen\novel\controller\front\ResourceController.java,io.github.xxyopen.novel.controller.front.ResourceController,class,13,13,0,13,2,1,0,2,0,0.0,1.0,1.0,2,0,1,0,0,1,2,0,0,0,1,0,0,1,0,0,1,0,0,9,2,0,0,0,0,8,0,0,0,1,0,0,0,0,22,1,0
C:\novel-master\src\main\java\io\github\xxyopen\novel\dao\entity\NewsContent.java,io.github.xxyopen.novel.dao.entity.NewsContent,class,2,3,1,2,11,1,0,0,25,0.7727273,0.27272728,1.0,11,0,11,0,0,0,11,0,0,0,6,1,0,6,0,0,1,0,0,41,6,0,0,0,0,9,1,6,2,6,0,0,0,0,29,1,0
C:\novel-master\src\main\java\io\github\xxyopen\novel\core\constant\DatabaseConsts.java,io.github.xxyopen.novel.core.constant.DatabaseConsts$BookChapterTable,innerclass,0,0,0,0,1,1,0,0,0,0.0,-1.0,-1.0,1,0,0,1,0,0,0,0,0,0,3,3,3,0,0,0,3,0,0,8,0,0,0,0,0,3,0,3,0,3,0,0,0,0,24,9,0
C:\novel-master\src\main\java\io\github\xxyopen\novel\manager\message\RegisterMailSender.java,io.github.xxyopen.novel.manager.message.RegisterMailSender,class,5,5,0,5,4,3,0,4,6,0.0,0.0,0.0,4,0,1,0,3,0,4,0,0,0,0,0,0,0,0,0,0,0,1,16,3,0,0,0,0,3,0,2,0,2,0,0,0,0,19,1,0
C:\novel-master\src\main\java\io\github\xxyopen\novel\dto\resp\UserLoginRespDto.java,io.github.xxyopen.novel.dto.resp.UserLoginRespDto,class,3,6,3,3,0,1,0,0,0,NaN,-1.0,-1.0,0,0,0,0,0,0,0,0,0,0,3,0,0,3,0,0,0,0,0,5,0,0,0,0,0,3,0,0,0,3,0,0,0,0,11,1,0
C:\novel-master\src\main\java\io\github\xxyopen\novel\dto\req\UserRegisterReqDto.java,io.github.xxyopen.novel.dto.req.UserRegisterReqDto,class,5,8,3,5,0,1,0,0,0,NaN,-1.0,-1.0,0,0,0,0,0,0,0,0,0,0,4,0,0,4,0,0,0,0,0,6,0,0,0,0,0,11,2,0,0,4,0,0,0,0,16,1,0
C:\novel-master\src\main\java\io\github\xxyopen\novel\dao\mapper\UserFeedbackMapper.java,io.github.xxyopen.novel.dao.mapper.UserFeedbackMapper,interface,1,2,1,1,0,1,0,0,0,0.0,-1.0,-1.0,0,0,0,0,0,0,0,0,0,0,0,0,0,0,0,0,0,0,0,2,0,0,0,0,0,0,0,0,0,0,0,0,0,0,5,1,0
C:\novel-master\src\main\java\io\github\xxyopen\novel\dto\resp\BookChapterRespDto.java,io.github.xxyopen.novel.dto.resp.BookChapterRespDto,class,5,12,7,5,0,1,0,0,0,NaN,-1.0,-1.0,0,0,0,0,0,0,0,0,0,0,8,1,0,8,0,0,1,0,0,10,0,0,0,0,0,8,1,1,0,8,0,0,0,0,33,1,0
